date,dgs10,fedfunds,cpi,unrate
2020-08-24,0.65,,,
2020-08-25,0.69,,,
2020-08-26,0.69,,,
2020-08-27,0.74,,,
2020-08-28,0.74,,,
2020-08-31,0.72,,,
2020-09-01,0.68,0.09,259.997,7.8
2020-09-02,0.66,0.09,259.997,7.8
2020-09-03,0.63,0.09,259.997,7.8
2020-09-04,0.72,0.09,259.997,7.8
2020-09-08,0.69,0.09,259.997,7.8
2020-09-09,0.71,0.09,259.997,7.8
2020-09-10,0.68,0.09,259.997,7.8
2020-09-11,0.67,0.09,259.997,7.8
2020-09-14,0.68,0.09,259.997,7.8
2020-09-15,0.68,0.09,259.997,7.8
2020-09-16,0.69,0.09,259.997,7.8
2020-09-17,0.69,0.09,259.997,7.8
2020-09-18,0.7,0.09,259.997,7.8
2020-09-21,0.68,0.09,259.997,7.8
2020-09-22,0.68,0.09,259.997,7.8
2020-09-23,0.68,0.09,259.997,7.8
2020-09-24,0.67,0.09,259.997,7.8
2020-09-25,0.66,0.09,259.997,7.8
2020-09-28,0.67,0.09,259.997,7.8
2020-09-29,0.66,0.09,259.997,7.8
2020-09-30,0.69,0.09,259.997,7.8
2020-10-01,0.68,0.09,260.319,6.9
2020-10-02,0.7,0.09,260.319,6.9
2020-10-05,0.78,0.09,260.319,6.9
2020-10-06,0.76,0.09,260.319,6.9
2020-10-07,0.81,0.09,260.319,6.9
2020-10-08,0.78,0.09,260.319,6.9
2020-10-09,0.79,0.09,260.319,6.9
2020-10-12,0.79,0.09,260.319,6.9
2020-10-13,0.74,0.09,260.319,6.9
2020-10-14,0.73,0.09,260.319,6.9
2020-10-15,0.74,0.09,260.319,6.9
2020-10-16,0.76,0.09,260.319,6.9
2020-10-19,0.78,0.09,260.319,6.9
2020-10-20,0.81,0.09,260.319,6.9
2020-10-21,0.83,0.09,260.319,6.9
2020-10-22,0.87,0.09,260.319,6.9
2020-10-23,0.85,0.09,260.319,6.9
2020-10-26,0.81,0.09,260.319,6.9
2020-10-27,0.79,0.09,260.319,6.9
2020-10-28,0.79,0.09,260.319,6.9
2020-10-29,0.85,0.09,260.319,6.9
2020-10-30,0.88,0.09,260.319,6.9
2020-11-02,0.87,0.09,260.319,6.9
2020-11-03,0.9,0.09,260.319,6.9
2020-11-04,0.78,0.09,260.319,6.9
2020-11-05,0.79,0.09,260.319,6.9
2020-11-06,0.83,0.09,260.319,6.9
2020-11-09,0.96,0.09,260.319,6.9
2020-11-10,0.98,0.09,260.319,6.9
2020-11-11,0.98,0.09,260.319,6.9
2020-11-12,0.88,0.09,260.319,6.9
2020-11-13,0.89,0.09,260.319,6.9
2020-11-16,0.91,0.09,260.319,6.9
2020-11-17,0.87,0.09,260.319,6.9
2020-11-18,0.88,0.09,260.319,6.9
2020-11-19,0.86,0.09,260.319,6.9
2020-11-20,0.83,0.09,260.319,6.9
2020-11-23,0.86,0.09,260.319,6.9
2020-11-24,0.88,0.09,260.319,6.9
2020-11-25,0.88,0.09,260.319,6.9
2020-11-27,0.84,0.09,260.319,6.9
2020-11-30,0.84,0.09,260.319,6.9
2020-12-01,0.92,0.09,262.045,6.7
2020-12-02,0.95,0.09,262.045,6.7
2020-12-03,0.92,0.09,262.045,6.7
2020-12-04,0.97,0.09,262.045,6.7
2020-12-07,0.94,0.09,262.045,6.7
2020-12-08,0.92,0.09,262.045,6.7
2020-12-09,0.95,0.09,262.045,6.7
2020-12-10,0.92,0.09,262.045,6.7
2020-12-11,0.9,0.09,262.045,6.7
2020-12-14,0.9,0.09,262.045,6.7
2020-12-15,0.92,0.09,262.045,6.7
2020-12-16,0.92,0.09,262.045,6.7
2020-12-17,0.94,0.09,262.045,6.7
2020-12-18,0.95,0.09,262.045,6.7
2020-12-21,0.95,0.09,262.045,6.7
2020-12-22,0.93,0.09,262.045,6.7
2020-12-23,0.96,0.09,262.045,6.7
2020-12-24,0.94,0.09,262.045,6.7
2020-12-28,0.94,0.09,262.045,6.7
2020-12-29,0.94,0.09,262.045,6.7
2020-12-30,0.93,0.09,262.045,6.7
2020-12-31,0.93,0.09,262.045,6.7
2021-01-04,0.93,0.09,262.045,6.7
2021-01-05,0.96,0.09,262.045,6.7
2021-01-06,1.04,0.09,262.045,6.7
2021-01-07,1.08,0.09,262.045,6.7
2021-01-08,1.13,0.09,262.045,6.7
2021-01-11,1.15,0.09,262.045,6.7
2021-01-12,1.15,0.09,262.045,6.7
2021-01-13,1.1,0.09,262.045,6.7
2021-01-14,1.15,0.09,262.045,6.7
2021-01-15,1.11,0.09,262.045,6.7
2021-01-19,1.1,0.09,262.045,6.7
2021-01-20,1.1,0.09,262.045,6.7
2021-01-21,1.12,0.09,262.045,6.7
2021-01-22,1.1,0.09,262.045,6.7
2021-01-25,1.05,0.09,262.045,6.7
2021-01-26,1.05,0.09,262.045,6.7
2021-01-27,1.04,0.09,262.045,6.7
2021-01-28,1.07,0.09,262.045,6.7
2021-01-29,1.11,0.09,262.045,6.7
2021-02-01,1.09,0.08,263.573,6.2
2021-02-02,1.12,0.08,263.573,6.2
2021-02-03,1.15,0.08,263.573,6.2
2021-02-04,1.15,0.08,263.573,6.2
2021-02-05,1.19,0.08,263.573,6.2
2021-02-08,1.19,0.08,263.573,6.2
2021-02-09,1.18,0.08,263.573,6.2
2021-02-10,1.15,0.08,263.573,6.2
2021-02-11,1.16,0.08,263.573,6.2
2021-02-12,1.2,0.08,263.573,6.2
2021-02-16,1.3,0.08,263.573,6.2
2021-02-17,1.29,0.08,263.573,6.2
2021-02-18,1.29,0.08,263.573,6.2
2021-02-19,1.34,0.08,263.573,6.2
2021-02-22,1.37,0.08,263.573,6.2
2021-02-23,1.37,0.08,263.573,6.2
2021-02-24,1.38,0.08,263.573,6.2
2021-02-25,1.54,0.08,263.573,6.2
2021-02-26,1.44,0.08,263.573,6.2
2021-03-01,1.45,0.07,264.847,6.1
2021-03-02,1.42,0.07,264.847,6.1
2021-03-03,1.47,0.07,264.847,6.1
2021-03-04,1.54,0.07,264.847,6.1
2021-03-05,1.56,0.07,264.847,6.1
2021-03-08,1.59,0.07,264.847,6.1
2021-03-09,1.55,0.07,264.847,6.1
2021-03-10,1.53,0.07,264.847,6.1
2021-03-11,1.54,0.07,264.847,6.1
2021-03-12,1.64,0.07,264.847,6.1
2021-03-15,1.62,0.07,264.847,6.1
2021-03-16,1.62,0.07,264.847,6.1
2021-03-17,1.63,0.07,264.847,6.1
2021-03-18,1.71,0.07,264.847,6.1
2021-03-19,1.74,0.07,264.847,6.1
2021-03-22,1.69,0.07,264.847,6.1
2021-03-23,1.63,0.07,264.847,6.1
2021-03-24,1.62,0.07,264.847,6.1
2021-03-25,1.63,0.07,264.847,6.1
2021-03-26,1.67,0.07,264.847,6.1
2021-03-29,1.73,0.07,264.847,6.1
2021-03-30,1.73,0.07,264.847,6.1
2021-03-31,1.74,0.07,264.847,6.1
2021-04-01,1.69,0.07,266.625,6.1
2021-04-05,1.73,0.07,266.625,6.1
2021-04-06,1.67,0.07,266.625,6.1
2021-04-07,1.68,0.07,266.625,6.1
2021-04-08,1.64,0.07,266.625,6.1
2021-04-09,1.67,0.07,266.625,6.1
2021-04-12,1.69,0.07,266.625,6.1
2021-04-13,1.64,0.07,266.625,6.1
2021-04-14,1.64,0.07,266.625,6.1
2021-04-15,1.56,0.07,266.625,6.1
2021-04-16,1.59,0.07,266.625,6.1
2021-04-19,1.61,0.07,266.625,6.1
2021-04-20,1.58,0.07,266.625,6.1
2021-04-21,1.57,0.07,266.625,6.1
2021-04-22,1.57,0.07,266.625,6.1
2021-04-23,1.58,0.07,266.625,6.1
2021-04-26,1.58,0.07,266.625,6.1
2021-04-27,1.63,0.07,266.625,6.1
2021-04-28,1.63,0.07,266.625,6.1
2021-04-29,1.65,0.07,266.625,6.1
2021-04-30,1.65,0.07,266.625,6.1
2021-05-03,1.63,0.07,266.625,6.1
2021-05-04,1.61,0.07,266.625,6.1
2021-05-05,1.59,0.07,266.625,6.1
2021-05-06,1.58,0.07,266.625,6.1
2021-05-07,1.6,0.07,266.625,6.1
2021-05-10,1.63,0.07,266.625,6.1
2021-05-11,1.64,0.07,266.625,6.1
2021-05-12,1.69,0.07,266.625,6.1
2021-05-13,1.66,0.07,266.625,6.1
2021-05-14,1.63,0.07,266.625,6.1
2021-05-17,1.64,0.07,266.625,6.1
2021-05-18,1.64,0.07,266.625,6.1
2021-05-19,1.68,0.07,266.625,6.1
2021-05-20,1.63,0.07,266.625,6.1
2021-05-21,1.63,0.07,266.625,6.1
2021-05-24,1.61,0.07,266.625,6.1
2021-05-25,1.56,0.07,266.625,6.1
2021-05-26,1.58,0.07,266.625,6.1
2021-05-27,1.61,0.07,266.625,6.1
2021-05-28,1.58,0.07,266.625,6.1
2021-06-01,1.62,0.08,270.71,5.9
2021-06-02,1.59,0.08,270.71,5.9
2021-06-03,1.63,0.08,270.71,5.9
2021-06-04,1.56,0.08,270.71,5.9
2021-06-07,1.57,0.08,270.71,5.9
2021-06-08,1.53,0.08,270.71,5.9
2021-06-09,1.5,0.08,270.71,5.9
2021-06-10,1.45,0.08,270.71,5.9
2021-06-11,1.47,0.08,270.71,5.9
2021-06-14,1.51,0.08,270.71,5.9
2021-06-15,1.51,0.08,270.71,5.9
2021-06-16,1.57,0.08,270.71,5.9
2021-06-17,1.52,0.08,270.71,5.9
2021-06-18,1.45,0.08,270.71,5.9
2021-06-21,1.5,0.08,270.71,5.9
2021-06-22,1.48,0.08,270.71,5.9
2021-06-23,1.5,0.08,270.71,5.9
2021-06-24,1.49,0.08,270.71,5.9
2021-06-25,1.54,0.08,270.71,5.9
2021-06-28,1.49,0.08,270.71,5.9
2021-06-29,1.49,0.08,270.71,5.9
2021-06-30,1.45,0.08,270.71,5.9
2021-07-01,1.48,0.1,271.965,5.4
2021-07-02,1.44,0.1,271.965,5.4
2021-07-06,1.37,0.1,271.965,5.4
2021-07-07,1.33,0.1,271.965,5.4
2021-07-08,1.3,0.1,271.965,5.4
2021-07-09,1.37,0.1,271.965,5.4
2021-07-12,1.38,0.1,271.965,5.4
2021-07-13,1.42,0.1,271.965,5.4
2021-07-14,1.37,0.1,271.965,5.4
2021-07-15,1.31,0.1,271.965,5.4
2021-07-16,1.31,0.1,271.965,5.4
2021-07-19,1.19,0.1,271.965,5.4
2021-07-20,1.23,0.1,271.965,5.4
2021-07-21,1.3,0.1,271.965,5.4
2021-07-22,1.27,0.1,271.965,5.4
2021-07-23,1.3,0.1,271.965,5.4
2021-07-26,1.29,0.1,271.965,5.4
2021-07-27,1.25,0.1,271.965,5.4
2021-07-28,1.26,0.1,271.965,5.4
2021-07-29,1.28,0.1,271.965,5.4
2021-07-30,1.24,0.1,271.965,5.4
2021-08-02,1.2,0.1,271.965,5.4
2021-08-03,1.19,0.1,271.965,5.4
2021-08-04,1.19,0.1,271.965,5.4
2021-08-05,1.23,0.1,271.965,5.4
2021-08-06,1.31,0.1,271.965,5.4
2021-08-09,1.33,0.1,271.965,5.4
2021-08-10,1.36,0.1,271.965,5.4
2021-08-11,1.35,0.1,271.965,5.4
2021-08-12,1.36,0.1,271.965,5.4
2021-08-13,1.29,0.1,271.965,5.4
2021-08-16,1.26,0.1,271.965,5.4
2021-08-17,1.26,0.1,271.965,5.4
2021-08-18,1.27,0.1,271.965,5.4
2021-08-19,1.24,0.1,271.965,5.4
2021-08-20,1.26,0.1,271.965,5.4
2021-08-23,1.25,0.1,271.965,5.4
2021-08-24,1.29,0.1,271.965,5.4
2021-08-25,1.35,0.1,271.965,5.4
2021-08-26,1.34,0.1,271.965,5.4
2021-08-27,1.31,0.1,271.965,5.4
2021-08-30,1.29,0.1,271.965,5.4
2021-08-31,1.3,0.1,271.965,5.4
2021-09-01,1.31,0.08,273.942,4.7
2021-09-02,1.29,0.08,273.942,4.7
2021-09-03,1.33,0.08,273.942,4.7
2021-09-07,1.38,0.08,273.942,4.7
2021-09-08,1.35,0.08,273.942,4.7
2021-09-09,1.3,0.08,273.942,4.7
2021-09-10,1.35,0.08,273.942,4.7
2021-09-13,1.33,0.08,273.942,4.7
2021-09-14,1.28,0.08,273.942,4.7
2021-09-15,1.31,0.08,273.942,4.7
2021-09-16,1.34,0.08,273.942,4.7
2021-09-17,1.37,0.08,273.942,4.7
2021-09-20,1.31,0.08,273.942,4.7
2021-09-21,1.33,0.08,273.942,4.7
2021-09-22,1.32,0.08,273.942,4.7
2021-09-23,1.41,0.08,273.942,4.7
2021-09-24,1.47,0.08,273.942,4.7
2021-09-27,1.48,0.08,273.942,4.7
2021-09-28,1.54,0.08,273.942,4.7
2021-09-29,1.55,0.08,273.942,4.7
2021-09-30,1.52,0.08,273.942,4.7
2021-10-01,1.48,0.08,276.528,4.5
2021-10-04,1.49,0.08,276.528,4.5
2021-10-05,1.54,0.08,276.528,4.5
2021-10-06,1.53,0.08,276.528,4.5
2021-10-07,1.58,0.08,276.528,4.5
2021-10-08,1.61,0.08,276.528,4.5
2021-10-11,1.61,0.08,276.528,4.5
2021-10-12,1.59,0.08,276.528,4.5
2021-10-13,1.56,0.08,276.528,4.5
2021-10-14,1.52,0.08,276.528,4.5
2021-10-15,1.59,0.08,276.528,4.5
2021-10-18,1.59,0.08,276.528,4.5
2021-10-19,1.65,0.08,276.528,4.5
2021-10-20,1.65,0.08,276.528,4.5
2021-10-21,1.68,0.08,276.528,4.5
2021-10-22,1.66,0.08,276.528,4.5
2021-10-25,1.64,0.08,276.528,4.5
2021-10-26,1.63,0.08,276.528,4.5
2021-10-27,1.54,0.08,276.528,4.5
2021-10-28,1.57,0.08,276.528,4.5
2021-10-29,1.55,0.08,276.528,4.5
2021-11-01,1.58,0.08,278.824,4.2
2021-11-02,1.56,0.08,278.824,4.2
2021-11-03,1.6,0.08,278.824,4.2
2021-11-04,1.53,0.08,278.824,4.2
2021-11-05,1.45,0.08,278.824,4.2
2021-11-08,1.51,0.08,278.824,4.2
2021-11-09,1.46,0.08,278.824,4.2
2021-11-10,1.56,0.08,278.824,4.2
2021-11-11,1.56,0.08,278.824,4.2
2021-11-12,1.58,0.08,278.824,4.2
2021-11-15,1.63,0.08,278.824,4.2
2021-11-16,1.63,0.08,278.824,4.2
2021-11-17,1.6,0.08,278.824,4.2
2021-11-18,1.59,0.08,278.824,4.2
2021-11-19,1.54,0.08,278.824,4.2
2021-11-22,1.63,0.08,278.824,4.2
2021-11-23,1.67,0.08,278.824,4.2
2021-11-24,1.64,0.08,278.824,4.2
2021-11-26,1.48,0.08,278.824,4.2
2021-11-29,1.52,0.08,278.824,4.2
2021-11-30,1.43,0.08,278.824,4.2
2021-12-01,1.43,0.08,280.806,3.9
2021-12-02,1.44,0.08,280.806,3.9
2021-12-03,1.35,0.08,280.806,3.9
2021-12-06,1.43,0.08,280.806,3.9
2021-12-07,1.48,0.08,280.806,3.9
2021-12-08,1.52,0.08,280.806,3.9
2021-12-09,1.49,0.08,280.806,3.9
2021-12-10,1.48,0.08,280.806,3.9
2021-12-13,1.42,0.08,280.806,3.9
2021-12-14,1.44,0.08,280.806,3.9
2021-12-15,1.47,0.08,280.806,3.9
2021-12-16,1.44,0.08,280.806,3.9
2021-12-17,1.41,0.08,280.806,3.9
2021-12-20,1.43,0.08,280.806,3.9
2021-12-21,1.48,0.08,280.806,3.9
2021-12-22,1.46,0.08,280.806,3.9
2021-12-23,1.5,0.08,280.806,3.9
2021-12-27,1.48,0.08,280.806,3.9
2021-12-28,1.49,0.08,280.806,3.9
2021-12-29,1.55,0.08,280.806,3.9
2021-12-30,1.52,0.08,280.806,3.9
2021-12-31,1.52,0.08,280.806,3.9
2022-01-03,1.63,0.08,280.806,3.9
2022-01-04,1.66,0.08,280.806,3.9
2022-01-05,1.71,0.08,280.806,3.9
2022-01-06,1.73,0.08,280.806,3.9
2022-01-07,1.76,0.08,280.806,3.9
2022-01-10,1.78,0.08,280.806,3.9
2022-01-11,1.75,0.08,280.806,3.9
2022-01-12,1.74,0.08,280.806,3.9
2022-01-13,1.7,0.08,280.806,3.9
2022-01-14,1.78,0.08,280.806,3.9
2022-01-18,1.87,0.08,280.806,3.9
2022-01-19,1.83,0.08,280.806,3.9
2022-01-20,1.83,0.08,280.806,3.9
2022-01-21,1.75,0.08,280.806,3.9
2022-01-24,1.75,0.08,280.806,3.9
2022-01-25,1.78,0.08,280.806,3.9
2022-01-26,1.85,0.08,280.806,3.9
2022-01-27,1.81,0.08,280.806,3.9
2022-01-28,1.78,0.08,280.806,3.9
2022-01-31,1.79,0.08,280.806,3.9
2022-02-01,1.81,0.08,284.525,3.8
2022-02-02,1.78,0.08,284.525,3.8
2022-02-03,1.82,0.08,284.525,3.8
2022-02-04,1.93,0.08,284.525,3.8
2022-02-07,1.92,0.08,284.525,3.8
2022-02-08,1.96,0.08,284.525,3.8
2022-02-09,1.94,0.08,284.525,3.8
2022-02-10,2.03,0.08,284.525,3.8
2022-02-11,1.92,0.08,284.525,3.8
2022-02-14,1.98,0.08,284.525,3.8
2022-02-15,2.05,0.08,284.525,3.8
2022-02-16,2.03,0.08,284.525,3.8
2022-02-17,1.97,0.08,284.525,3.8
2022-02-18,1.92,0.08,284.525,3.8
2022-02-22,1.94,0.08,284.525,3.8
2022-02-23,1.99,0.08,284.525,3.8
2022-02-24,1.96,0.08,284.525,3.8
2022-02-25,1.97,0.08,284.525,3.8
2022-02-28,1.83,0.08,284.525,3.8
2022-03-01,1.72,0.2,287.467,3.7
2022-03-02,1.86,0.2,287.467,3.7
2022-03-03,1.86,0.2,287.467,3.7
2022-03-04,1.74,0.2,287.467,3.7
2022-03-07,1.78,0.2,287.467,3.7
2022-03-08,1.86,0.2,287.467,3.7
2022-03-09,1.94,0.2,287.467,3.7
2022-03-10,1.98,0.2,287.467,3.7
2022-03-11,2.0,0.2,287.467,3.7
2022-03-14,2.14,0.2,287.467,3.7
2022-03-15,2.15,0.2,287.467,3.7
2022-03-16,2.19,0.2,287.467,3.7
2022-03-17,2.2,0.2,287.467,3.7
2022-03-18,2.14,0.2,287.467,3.7
2022-03-21,2.32,0.2,287.467,3.7
2022-03-22,2.38,0.2,287.467,3.7
2022-03-23,2.32,0.2,287.467,3.7
2022-03-24,2.34,0.2,287.467,3.7
2022-03-25,2.48,0.2,287.467,3.7
2022-03-28,2.46,0.2,287.467,3.7
2022-03-29,2.41,0.2,287.467,3.7
2022-03-30,2.35,0.2,287.467,3.7
2022-03-31,2.32,0.2,287.467,3.7
2022-04-01,2.39,0.33,288.582,3.7
2022-04-04,2.42,0.33,288.582,3.7
2022-04-05,2.54,0.33,288.582,3.7
2022-04-06,2.61,0.33,288.582,3.7
2022-04-07,2.66,0.33,288.582,3.7
2022-04-08,2.72,0.33,288.582,3.7
2022-04-11,2.79,0.33,288.582,3.7
2022-04-12,2.72,0.33,288.582,3.7
2022-04-13,2.7,0.33,288.582,3.7
2022-04-14,2.83,0.33,288.582,3.7
2022-04-18,2.85,0.33,288.582,3.7
2022-04-19,2.93,0.33,288.582,3.7
2022-04-20,2.85,0.33,288.582,3.7
2022-04-21,2.9,0.33,288.582,3.7
2022-04-22,2.9,0.33,288.582,3.7
2022-04-25,2.81,0.33,288.582,3.7
2022-04-26,2.77,0.33,288.582,3.7
2022-04-27,2.82,0.33,288.582,3.7
2022-04-28,2.85,0.33,288.582,3.7
2022-04-29,2.89,0.33,288.582,3.7
2022-05-02,2.99,0.33,288.582,3.7
2022-05-03,2.97,0.33,288.582,3.7
2022-05-04,2.93,0.33,288.582,3.7
2022-05-05,3.05,0.33,288.582,3.7
2022-05-06,3.12,0.33,288.582,3.7
2022-05-09,3.05,0.33,288.582,3.7
2022-05-10,2.99,0.33,288.582,3.7
2022-05-11,2.91,0.33,288.582,3.7
2022-05-12,2.84,0.33,288.582,3.7
2022-05-13,2.93,0.33,288.582,3.7
2022-05-16,2.88,0.33,288.582,3.7
2022-05-17,2.98,0.33,288.582,3.7
2022-05-18,2.89,0.33,288.582,3.7
2022-05-19,2.84,0.33,288.582,3.7
2022-05-20,2.78,0.33,288.582,3.7
2022-05-23,2.86,0.33,288.582,3.7
2022-05-24,2.76,0.33,288.582,3.7
2022-05-25,2.75,0.33,288.582,3.7
2022-05-26,2.75,0.33,288.582,3.7
2022-05-27,2.74,0.33,288.582,3.7
2022-05-31,2.85,0.33,288.582,3.7
2022-06-01,2.94,1.21,295.072,3.6
2022-06-02,2.92,1.21,295.072,3.6
2022-06-03,2.96,1.21,295.072,3.6
2022-06-06,3.04,1.21,295.072,3.6
2022-06-07,2.98,1.21,295.072,3.6
2022-06-08,3.03,1.21,295.072,3.6
2022-06-09,3.04,1.21,295.072,3.6
2022-06-10,3.15,1.21,295.072,3.6
2022-06-13,3.43,1.21,295.072,3.6
2022-06-14,3.49,1.21,295.072,3.6
2022-06-15,3.33,1.21,295.072,3.6
2022-06-16,3.28,1.21,295.072,3.6
2022-06-17,3.25,1.21,295.072,3.6
2022-06-21,3.31,1.21,295.072,3.6
2022-06-22,3.16,1.21,295.072,3.6
2022-06-23,3.09,1.21,295.072,3.6
2022-06-24,3.13,1.21,295.072,3.6
2022-06-27,3.2,1.21,295.072,3.6
2022-06-28,3.2,1.21,295.072,3.6
2022-06-29,3.1,1.21,295.072,3.6
2022-06-30,2.98,1.21,295.072,3.6
2022-07-01,2.88,1.68,294.94,3.5
2022-07-05,2.82,1.68,294.94,3.5
2022-07-06,2.93,1.68,294.94,3.5
2022-07-07,3.01,1.68,294.94,3.5
2022-07-08,3.09,1.68,294.94,3.5
2022-07-11,2.99,1.68,294.94,3.5
2022-07-12,2.96,1.68,294.94,3.5
2022-07-13,2.91,1.68,294.94,3.5
2022-07-14,2.96,1.68,294.94,3.5
2022-07-15,2.93,1.68,294.94,3.5
2022-07-18,2.96,1.68,294.94,3.5
2022-07-19,3.01,1.68,294.94,3.5
2022-07-20,3.04,1.68,294.94,3.5
2022-07-21,2.91,1.68,294.94,3.5
2022-07-22,2.77,1.68,294.94,3.5
2022-07-25,2.81,1.68,294.94,3.5
2022-07-26,2.81,1.68,294.94,3.5
2022-07-27,2.78,1.68,294.94,3.5
2022-07-28,2.68,1.68,294.94,3.5
2022-07-29,2.67,1.68,294.94,3.5
2022-08-01,2.6,2.33,295.162,3.6
2022-08-02,2.75,2.33,295.162,3.6
2022-08-03,2.73,2.33,295.162,3.6
2022-08-04,2.68,2.33,295.162,3.6
2022-08-05,2.83,2.33,295.162,3.6
2022-08-08,2.77,2.33,295.162,3.6
2022-08-09,2.8,2.33,295.162,3.6
2022-08-10,2.78,2.33,295.162,3.6
2022-08-11,2.87,2.33,295.162,3.6
2022-08-12,2.84,2.33,295.162,3.6
2022-08-15,2.79,2.33,295.162,3.6
2022-08-16,2.82,2.33,295.162,3.6
2022-08-17,2.89,2.33,295.162,3.6
2022-08-18,2.88,2.33,295.162,3.6
2022-08-19,2.98,2.33,295.162,3.6
2022-08-22,3.03,2.33,295.162,3.6
2022-08-23,3.05,2.33,295.162,3.6
2022-08-24,3.11,2.33,295.162,3.6
2022-08-25,3.03,2.33,295.162,3.6
2022-08-26,3.04,2.33,295.162,3.6
2022-08-29,3.12,2.33,295.162,3.6
2022-08-30,3.11,2.33,295.162,3.6
2022-08-31,3.15,2.33,295.162,3.6
2022-09-01,3.26,2.56,296.421,3.5
2022-09-02,3.2,2.56,296.421,3.5
2022-09-06,3.33,2.56,296.421,3.5
2022-09-07,3.27,2.56,296.421,3.5
2022-09-08,3.29,2.56,296.421,3.5
2022-09-09,3.33,2.56,296.421,3.5
2022-09-12,3.37,2.56,296.421,3.5
2022-09-13,3.42,2.56,296.421,3.5
2022-09-14,3.41,2.56,296.421,3.5
2022-09-15,3.45,2.56,296.421,3.5
2022-09-16,3.45,2.56,296.421,3.5
2022-09-19,3.49,2.56,296.421,3.5
2022-09-20,3.57,2.56,296.421,3.5
2022-09-21,3.51,2.56,296.421,3.5
2022-09-22,3.7,2.56,296.421,3.5
2022-09-23,3.69,2.56,296.421,3.5
2022-09-26,3.88,2.56,296.421,3.5
2022-09-27,3.97,2.56,296.421,3.5
2022-09-28,3.72,2.56,296.421,3.5
2022-09-29,3.76,2.56,296.421,3.5
2022-09-30,3.83,2.56,296.421,3.5
2022-10-03,3.67,2.56,296.421,3.5
2022-10-04,3.62,2.56,296.421,3.5
2022-10-05,3.76,2.56,296.421,3.5
2022-10-06,3.83,2.56,296.421,3.5
2022-10-07,3.89,2.56,296.421,3.5
2022-10-10,3.89,2.56,296.421,3.5
2022-10-11,3.93,2.56,296.421,3.5
2022-10-12,3.91,2.56,296.421,3.5
2022-10-13,3.97,2.56,296.421,3.5
2022-10-14,4.0,2.56,296.421,3.5
2022-10-17,4.02,2.56,296.421,3.5
2022-10-18,4.01,2.56,296.421,3.5
2022-10-19,4.14,2.56,296.421,3.5
2022-10-20,4.24,2.56,296.421,3.5
2022-10-21,4.21,2.56,296.421,3.5
2022-10-24,4.25,2.56,296.421,3.5
2022-10-25,4.1,2.56,296.421,3.5
2022-10-26,4.04,2.56,296.421,3.5
2022-10-27,3.96,2.56,296.421,3.5
2022-10-28,4.02,2.56,296.421,3.5
2022-10-31,4.1,2.56,296.421,3.5
2022-11-01,4.07,3.78,298.708,3.6
2022-11-02,4.1,3.78,298.708,3.6
2022-11-03,4.14,3.78,298.708,3.6
2022-11-04,4.17,3.78,298.708,3.6
2022-11-07,4.22,3.78,298.708,3.6
2022-11-08,4.14,3.78,298.708,3.6
2022-11-09,4.12,3.78,298.708,3.6
2022-11-10,3.82,3.78,298.708,3.6
2022-11-11,3.82,3.78,298.708,3.6
2022-11-14,3.88,3.78,298.708,3.6
2022-11-15,3.8,3.78,298.708,3.6
2022-11-16,3.67,3.78,298.708,3.6
2022-11-17,3.77,3.78,298.708,3.6
2022-11-18,3.82,3.78,298.708,3.6
2022-11-21,3.83,3.78,298.708,3.6
2022-11-22,3.76,3.78,298.708,3.6
2022-11-23,3.71,3.78,298.708,3.6
2022-11-25,3.68,3.78,298.708,3.6
2022-11-28,3.69,3.78,298.708,3.6
2022-11-29,3.75,3.78,298.708,3.6
2022-11-30,3.68,3.78,298.708,3.6
2022-12-01,3.53,4.1,298.808,3.5
2022-12-02,3.51,4.1,298.808,3.5
2022-12-05,3.6,4.1,298.808,3.5
2022-12-06,3.51,4.1,298.808,3.5
2022-12-07,3.42,4.1,298.808,3.5
2022-12-08,3.48,4.1,298.808,3.5
2022-12-09,3.57,4.1,298.808,3.5
2022-12-12,3.61,4.1,298.808,3.5
2022-12-13,3.51,4.1,298.808,3.5
2022-12-14,3.49,4.1,298.808,3.5
2022-12-15,3.44,4.1,298.808,3.5
2022-12-16,3.48,4.1,298.808,3.5
2022-12-19,3.57,4.1,298.808,3.5
2022-12-20,3.69,4.1,298.808,3.5
2022-12-21,3.68,4.1,298.808,3.5
2022-12-22,3.67,4.1,298.808,3.5
2022-12-23,3.75,4.1,298.808,3.5
2022-12-27,3.84,4.1,298.808,3.5
2022-12-28,3.88,4.1,298.808,3.5
2022-12-29,3.83,4.1,298.808,3.5
2022-12-30,3.88,4.1,298.808,3.5
2023-01-03,3.79,4.1,298.808,3.5
2023-01-04,3.69,4.1,298.808,3.5
2023-01-05,3.71,4.1,298.808,3.5
2023-01-06,3.55,4.1,298.808,3.5
2023-01-09,3.53,4.1,298.808,3.5
2023-01-10,3.61,4.1,298.808,3.5
2023-01-11,3.54,4.1,298.808,3.5
2023-01-12,3.43,4.1,298.808,3.5
2023-01-13,3.49,4.1,298.808,3.5
2023-01-17,3.53,4.1,298.808,3.5
2023-01-18,3.37,4.1,298.808,3.5
2023-01-19,3.39,4.1,298.808,3.5
2023-01-20,3.48,4.1,298.808,3.5
2023-01-23,3.52,4.1,298.808,3.5
2023-01-24,3.46,4.1,298.808,3.5
2023-01-25,3.46,4.1,298.808,3.5
2023-01-26,3.49,4.1,298.808,3.5
2023-01-27,3.52,4.1,298.808,3.5
2023-01-30,3.55,4.1,298.808,3.5
2023-01-31,3.52,4.1,298.808,3.5
2023-02-01,3.39,4.57,301.476,3.6
2023-02-02,3.4,4.57,301.476,3.6
2023-02-03,3.53,4.57,301.476,3.6
2023-02-06,3.63,4.57,301.476,3.6
2023-02-07,3.67,4.57,301.476,3.6
2023-02-08,3.63,4.57,301.476,3.6
2023-02-09,3.67,4.57,301.476,3.6
2023-02-10,3.74,4.57,301.476,3.6
2023-02-13,3.72,4.57,301.476,3.6
2023-02-14,3.77,4.57,301.476,3.6
2023-02-15,3.81,4.57,301.476,3.6
2023-02-16,3.86,4.57,301.476,3.6
2023-02-17,3.82,4.57,301.476,3.6
2023-02-21,3.95,4.57,301.476,3.6
2023-02-22,3.93,4.57,301.476,3.6
2023-02-23,3.88,4.57,301.476,3.6
2023-02-24,3.95,4.57,301.476,3.6
2023-02-27,3.92,4.57,301.476,3.6
2023-02-28,3.92,4.57,301.476,3.6
2023-03-01,4.01,4.65,301.643,3.5
2023-03-02,4.08,4.65,301.643,3.5
2023-03-03,3.97,4.65,301.643,3.5
2023-03-06,3.98,4.65,301.643,3.5
2023-03-07,3.97,4.65,301.643,3.5
2023-03-08,3.98,4.65,301.643,3.5
2023-03-09,3.93,4.65,301.643,3.5
2023-03-10,3.7,4.65,301.643,3.5
2023-03-13,3.55,4.65,301.643,3.5
2023-03-14,3.64,4.65,301.643,3.5
2023-03-15,3.51,4.65,301.643,3.5
2023-03-16,3.56,4.65,301.643,3.5
2023-03-17,3.39,4.65,301.643,3.5
2023-03-20,3.47,4.65,301.643,3.5
2023-03-21,3.59,4.65,301.643,3.5
2023-03-22,3.48,4.65,301.643,3.5
2023-03-23,3.38,4.65,301.643,3.5
2023-03-24,3.38,4.65,301.643,3.5
2023-03-27,3.53,4.65,301.643,3.5
2023-03-28,3.55,4.65,301.643,3.5
2023-03-29,3.57,4.65,301.643,3.5
2023-03-30,3.55,4.65,301.643,3.5
2023-03-31,3.48,4.65,301.643,3.5
2023-04-03,3.43,4.65,301.643,3.5
2023-04-04,3.35,4.65,301.643,3.5
2023-04-05,3.3,4.65,301.643,3.5
2023-04-06,3.3,4.65,301.643,3.5
2023-04-10,3.41,4.65,301.643,3.5
2023-04-11,3.43,4.65,301.643,3.5
2023-04-12,3.41,4.65,301.643,3.5
2023-04-13,3.45,4.65,301.643,3.5
2023-04-14,3.52,4.65,301.643,3.5
2023-04-17,3.6,4.65,301.643,3.5
2023-04-18,3.58,4.65,301.643,3.5
2023-04-19,3.6,4.65,301.643,3.5
2023-04-20,3.54,4.65,301.643,3.5
2023-04-21,3.57,4.65,301.643,3.5
2023-04-24,3.52,4.65,301.643,3.5
2023-04-25,3.4,4.65,301.643,3.5
2023-04-26,3.43,4.65,301.643,3.5
2023-04-27,3.53,4.65,301.643,3.5
2023-04-28,3.44,4.65,301.643,3.5
2023-05-01,3.59,5.06,303.316,3.6
2023-05-02,3.44,5.06,303.316,3.6
2023-05-03,3.38,5.06,303.316,3.6
2023-05-04,3.37,5.06,303.316,3.6
2023-05-05,3.44,5.06,303.316,3.6
2023-05-08,3.52,5.06,303.316,3.6
2023-05-09,3.53,5.06,303.316,3.6
2023-05-10,3.43,5.06,303.316,3.6
2023-05-11,3.39,5.06,303.316,3.6
2023-05-12,3.46,5.06,303.316,3.6
2023-05-15,3.5,5.06,303.316,3.6
2023-05-16,3.54,5.06,303.316,3.6
2023-05-17,3.57,5.06,303.316,3.6
2023-05-18,3.65,5.06,303.316,3.6
2023-05-19,3.7,5.06,303.316,3.6
2023-05-22,3.72,5.06,303.316,3.6
2023-05-23,3.7,5.06,303.316,3.6
2023-05-24,3.73,5.06,303.316,3.6
2023-05-25,3.83,5.06,303.316,3.6
2023-05-26,3.8,5.06,303.316,3.6
2023-05-30,3.69,5.06,303.316,3.6
2023-05-31,3.64,5.06,303.316,3.6
2023-06-01,3.61,5.08,304.099,3.6
2023-06-02,3.69,5.08,304.099,3.6
2023-06-05,3.69,5.08,304.099,3.6
2023-06-06,3.7,5.08,304.099,3.6
2023-06-07,3.79,5.08,304.099,3.6
2023-06-08,3.73,5.08,304.099,3.6
2023-06-09,3.75,5.08,304.099,3.6
2023-06-12,3.73,5.08,304.099,3.6
2023-06-13,3.84,5.08,304.099,3.6
2023-06-14,3.83,5.08,304.099,3.6
2023-06-15,3.72,5.08,304.099,3.6
2023-06-16,3.77,5.08,304.099,3.6
2023-06-20,3.74,5.08,304.099,3.6
2023-06-21,3.72,5.08,304.099,3.6
2023-06-22,3.8,5.08,304.099,3.6
2023-06-23,3.74,5.08,304.099,3.6
2023-06-26,3.72,5.08,304.099,3.6
2023-06-27,3.77,5.08,304.099,3.6
2023-06-28,3.71,5.08,304.099,3.6
2023-06-29,3.85,5.08,304.099,3.6
2023-06-30,3.81,5.08,304.099,3.6
2023-07-03,3.86,5.08,304.099,3.6
2023-07-05,3.95,5.08,304.099,3.6
2023-07-06,4.05,5.08,304.099,3.6
2023-07-07,4.06,5.08,304.099,3.6
2023-07-10,4.01,5.08,304.099,3.6
2023-07-11,3.99,5.08,304.099,3.6
2023-07-12,3.86,5.08,304.099,3.6
2023-07-13,3.76,5.08,304.099,3.6
2023-07-14,3.83,5.08,304.099,3.6
2023-07-17,3.81,5.08,304.099,3.6
2023-07-18,3.8,5.08,304.099,3.6
2023-07-19,3.75,5.08,304.099,3.6
2023-07-20,3.85,5.08,304.099,3.6
2023-07-21,3.84,5.08,304.099,3.6
2023-07-24,3.86,5.08,304.099,3.6
2023-07-25,3.91,5.08,304.099,3.6
2023-07-26,3.86,5.08,304.099,3.6
2023-07-27,4.01,5.08,304.099,3.6
2023-07-28,3.96,5.08,304.099,3.6
2023-07-31,3.97,5.08,304.099,3.6
2023-08-01,4.05,5.33,306.138,3.7
2023-08-02,4.08,5.33,306.138,3.7
2023-08-03,4.2,5.33,306.138,3.7
2023-08-04,4.05,5.33,306.138,3.7
2023-08-07,4.09,5.33,306.138,3.7
2023-08-08,4.02,5.33,306.138,3.7
2023-08-09,4.0,5.33,306.138,3.7
2023-08-10,4.09,5.33,306.138,3.7
2023-08-11,4.16,5.33,306.138,3.7
2023-08-14,4.19,5.33,306.138,3.7
2023-08-15,4.21,5.33,306.138,3.7
2023-08-16,4.28,5.33,306.138,3.7
2023-08-17,4.3,5.33,306.138,3.7
2023-08-18,4.26,5.33,306.138,3.7
2023-08-21,4.34,5.33,306.138,3.7
2023-08-22,4.34,5.33,306.138,3.7
2023-08-23,4.19,5.33,306.138,3.7
2023-08-24,4.23,5.33,306.138,3.7
2023-08-25,4.25,5.33,306.138,3.7
2023-08-28,4.2,5.33,306.138,3.7
2023-08-29,4.12,5.33,306.138,3.7
2023-08-30,4.12,5.33,306.138,3.7
2023-08-31,4.09,5.33,306.138,3.7
2023-09-01,4.18,5.33,307.374,3.8
2023-09-05,4.27,5.33,307.374,3.8
2023-09-06,4.3,5.33,307.374,3.8
2023-09-07,4.27,5.33,307.374,3.8
2023-09-08,4.26,5.33,307.374,3.8
2023-09-11,4.29,5.33,307.374,3.8
2023-09-12,4.27,5.33,307.374,3.8
2023-09-13,4.25,5.33,307.374,3.8
2023-09-14,4.29,5.33,307.374,3.8
2023-09-15,4.33,5.33,307.374,3.8
2023-09-18,4.32,5.33,307.374,3.8
2023-09-19,4.37,5.33,307.374,3.8
2023-09-20,4.35,5.33,307.374,3.8
2023-09-21,4.49,5.33,307.374,3.8
2023-09-22,4.44,5.33,307.374,3.8
2023-09-25,4.55,5.33,307.374,3.8
2023-09-26,4.56,5.33,307.374,3.8
2023-09-27,4.61,5.33,307.374,3.8
2023-09-28,4.59,5.33,307.374,3.8
2023-09-29,4.59,5.33,307.374,3.8
2023-10-02,4.69,5.33,307.374,3.8
2023-10-03,4.81,5.33,307.374,3.8
2023-10-04,4.73,5.33,307.374,3.8
2023-10-05,4.72,5.33,307.374,3.8
2023-10-06,4.78,5.33,307.374,3.8
2023-10-09,4.78,5.33,307.374,3.8
2023-10-10,4.66,5.33,307.374,3.8
2023-10-11,4.58,5.33,307.374,3.8
2023-10-12,4.7,5.33,307.374,3.8
2023-10-13,4.63,5.33,307.374,3.8
2023-10-16,4.71,5.33,307.374,3.8
2023-10-17,4.83,5.33,307.374,3.8
2023-10-18,4.91,5.33,307.374,3.8
2023-10-19,4.98,5.33,307.374,3.8
2023-10-20,4.93,5.33,307.374,3.8
2023-10-23,4.86,5.33,307.374,3.8
2023-10-24,4.83,5.33,307.374,3.8
2023-10-25,4.95,5.33,307.374,3.8
2023-10-26,4.86,5.33,307.374,3.8
2023-10-27,4.84,5.33,307.374,3.8
2023-10-30,4.88,5.33,307.374,3.8
2023-10-31,4.88,5.33,307.374,3.8
2023-11-01,4.77,5.33,308.087,3.7
2023-11-02,4.67,5.33,308.087,3.7
2023-11-03,4.57,5.33,308.087,3.7
2023-11-06,4.67,5.33,308.087,3.7
2023-11-07,4.58,5.33,308.087,3.7
2023-11-08,4.49,5.33,308.087,3.7
2023-11-09,4.62,5.33,308.087,3.7
2023-11-10,4.61,5.33,308.087,3.7
2023-11-13,4.63,5.33,308.087,3.7
2023-11-14,4.44,5.33,308.087,3.7
2023-11-15,4.53,5.33,308.087,3.7
2023-11-16,4.45,5.33,308.087,3.7
2023-11-17,4.44,5.33,308.087,3.7
2023-11-20,4.42,5.33,308.087,3.7
2023-11-21,4.41,5.33,308.087,3.7
2023-11-22,4.42,5.33,308.087,3.7
2023-11-24,4.47,5.33,308.087,3.7
2023-11-27,4.39,5.33,308.087,3.7
2023-11-28,4.34,5.33,308.087,3.7
2023-11-29,4.27,5.33,308.087,3.7
2023-11-30,4.37,5.33,308.087,3.7
2023-12-01,4.22,5.33,308.735,3.8
2023-12-04,4.28,5.33,308.735,3.8
2023-12-05,4.18,5.33,308.735,3.8
2023-12-06,4.12,5.33,308.735,3.8
2023-12-07,4.14,5.33,308.735,3.8
2023-12-08,4.23,5.33,308.735,3.8
2023-12-11,4.23,5.33,308.735,3.8
2023-12-12,4.2,5.33,308.735,3.8
2023-12-13,4.04,5.33,308.735,3.8
2023-12-14,3.92,5.33,308.735,3.8
2023-12-15,3.91,5.33,308.735,3.8
2023-12-18,3.95,5.33,308.735,3.8
2023-12-19,3.93,5.33,308.735,3.8
2023-12-20,3.86,5.33,308.735,3.8
2023-12-21,3.89,5.33,308.735,3.8
2023-12-22,3.9,5.33,308.735,3.8
2023-12-26,3.89,5.33,308.735,3.8
2023-12-27,3.79,5.33,308.735,3.8
2023-12-28,3.84,5.33,308.735,3.8
2023-12-29,3.88,5.33,308.735,3.8
2024-01-02,3.95,5.33,308.735,3.8
2024-01-03,3.91,5.33,308.735,3.8
2024-01-04,3.99,5.33,308.735,3.8
2024-01-05,4.05,5.33,308.735,3.8
2024-01-08,4.01,5.33,308.735,3.8
2024-01-09,4.02,5.33,308.735,3.8
2024-01-10,4.04,5.33,308.735,3.8
2024-01-11,3.98,5.33,308.735,3.8
2024-01-12,3.96,5.33,308.735,3.8
2024-01-16,4.07,5.33,308.735,3.8
2024-01-17,4.1,5.33,308.735,3.8
2024-01-18,4.14,5.33,308.735,3.8
2024-01-19,4.15,5.33,308.735,3.8
2024-01-22,4.11,5.33,308.735,3.8
2024-01-23,4.14,5.33,308.735,3.8
2024-01-24,4.18,5.33,308.735,3.8
2024-01-25,4.14,5.33,308.735,3.8
2024-01-26,4.15,5.33,308.735,3.8
2024-01-29,4.08,5.33,308.735,3.8
2024-01-30,4.06,5.33,308.735,3.8
2024-01-31,3.99,5.33,308.735,3.8
2024-02-01,3.87,5.33,311.022,3.9
2024-02-02,4.03,5.33,311.022,3.9
2024-02-05,4.17,5.33,311.022,3.9
2024-02-06,4.09,5.33,311.022,3.9
2024-02-07,4.09,5.33,311.022,3.9
2024-02-08,4.15,5.33,311.022,3.9
2024-02-09,4.17,5.33,311.022,3.9
2024-02-12,4.17,5.33,311.022,3.9
2024-02-13,4.31,5.33,311.022,3.9
2024-02-14,4.27,5.33,311.022,3.9
2024-02-15,4.24,5.33,311.022,3.9
2024-02-16,4.3,5.33,311.022,3.9
2024-02-20,4.27,5.33,311.022,3.9
2024-02-21,4.32,5.33,311.022,3.9
2024-02-22,4.33,5.33,311.022,3.9
2024-02-23,4.26,5.33,311.022,3.9
2024-02-26,4.28,5.33,311.022,3.9
2024-02-27,4.31,5.33,311.022,3.9
2024-02-28,4.27,5.33,311.022,3.9
2024-02-29,4.25,5.33,311.022,3.9
2024-03-01,4.19,5.33,312.107,3.9
2024-03-04,4.22,5.33,312.107,3.9
2024-03-05,4.13,5.33,312.107,3.9
2024-03-06,4.11,5.33,312.107,3.9
2024-03-07,4.09,5.33,312.107,3.9
2024-03-08,4.09,5.33,312.107,3.9
2024-03-11,4.1,5.33,312.107,3.9
2024-03-12,4.16,5.33,312.107,3.9
2024-03-13,4.19,5.33,312.107,3.9
2024-03-14,4.29,5.33,312.107,3.9
2024-03-15,4.31,5.33,312.107,3.9
2024-03-18,4.34,5.33,312.107,3.9
2024-03-19,4.3,5.33,312.107,3.9
2024-03-20,4.27,5.33,312.107,3.9
2024-03-21,4.27,5.33,312.107,3.9
2024-03-22,4.22,5.33,312.107,3.9
2024-03-25,4.25,5.33,312.107,3.9
2024-03-26,4.24,5.33,312.107,3.9
2024-03-27,4.2,5.33,312.107,3.9
2024-03-28,4.2,5.33,312.107,3.9
2024-04-01,4.33,5.33,313.016,3.9
2024-04-02,4.36,5.33,313.016,3.9
2024-04-03,4.36,5.33,313.016,3.9
2024-04-04,4.31,5.33,313.016,3.9
2024-04-05,4.39,5.33,313.016,3.9
2024-04-08,4.42,5.33,313.016,3.9
2024-04-09,4.36,5.33,313.016,3.9
2024-04-10,4.55,5.33,313.016,3.9
2024-04-11,4.56,5.33,313.016,3.9
2024-04-12,4.5,5.33,313.016,3.9
2024-04-15,4.63,5.33,313.016,3.9
2024-04-16,4.67,5.33,313.016,3.9
2024-04-17,4.59,5.33,313.016,3.9
2024-04-18,4.64,5.33,313.016,3.9
2024-04-19,4.62,5.33,313.016,3.9
2024-04-22,4.62,5.33,313.016,3.9
2024-04-23,4.61,5.33,313.016,3.9
2024-04-24,4.65,5.33,313.016,3.9
2024-04-25,4.7,5.33,313.016,3.9
2024-04-26,4.67,5.33,313.016,3.9
2024-04-29,4.63,5.33,313.016,3.9
2024-04-30,4.69,5.33,313.016,3.9
2024-05-01,4.63,5.33,313.14,4.0
2024-05-02,4.58,5.33,313.14,4.0
2024-05-03,4.5,5.33,313.14,4.0
2024-05-06,4.49,5.33,313.14,4.0
2024-05-07,4.47,5.33,313.14,4.0
2024-05-08,4.48,5.33,313.14,4.0
2024-05-09,4.45,5.33,313.14,4.0
2024-05-10,4.5,5.33,313.14,4.0
2024-05-13,4.48,5.33,313.14,4.0
2024-05-14,4.45,5.33,313.14,4.0
2024-05-15,4.36,5.33,313.14,4.0
2024-05-16,4.38,5.33,313.14,4.0
2024-05-17,4.42,5.33,313.14,4.0
2024-05-20,4.44,5.33,313.14,4.0
2024-05-21,4.41,5.33,313.14,4.0
2024-05-22,4.43,5.33,313.14,4.0
2024-05-23,4.47,5.33,313.14,4.0
2024-05-24,4.46,5.33,313.14,4.0
2024-05-28,4.54,5.33,313.14,4.0
2024-05-29,4.61,5.33,313.14,4.0
2024-05-30,4.55,5.33,313.14,4.0
2024-05-31,4.51,5.33,313.14,4.0
2024-06-03,4.41,5.33,313.14,4.0
2024-06-04,4.33,5.33,313.14,4.0
2024-06-05,4.29,5.33,313.14,4.0
2024-06-06,4.28,5.33,313.14,4.0
2024-06-07,4.43,5.33,313.14,4.0
2024-06-10,4.47,5.33,313.14,4.0
2024-06-11,4.39,5.33,313.14,4.0
2024-06-12,4.31,5.33,313.14,4.0
2024-06-13,4.24,5.33,313.14,4.0
2024-06-14,4.2,5.33,313.14,4.0
2024-06-17,4.28,5.33,313.14,4.0
2024-06-18,4.22,5.33,313.14,4.0
2024-06-20,4.25,5.33,313.14,4.0
2024-06-21,4.25,5.33,313.14,4.0
2024-06-24,4.25,5.33,313.14,4.0
2024-06-25,4.23,5.33,313.14,4.0
2024-06-26,4.32,5.33,313.14,4.0
2024-06-27,4.29,5.33,313.14,4.0
2024-06-28,4.36,5.33,313.14,4.0
2024-07-01,4.48,5.33,313.566,4.2
2024-07-02,4.43,5.33,313.566,4.2
2024-07-03,4.36,5.33,313.566,4.2
2024-07-05,4.28,5.33,313.566,4.2
2024-07-08,4.28,5.33,313.566,4.2
2024-07-09,4.3,5.33,313.566,4.2
2024-07-10,4.28,5.33,313.566,4.2
2024-07-11,4.2,5.33,313.566,4.2
2024-07-12,4.18,5.33,313.566,4.2
2024-07-15,4.23,5.33,313.566,4.2
2024-07-16,4.17,5.33,313.566,4.2
2024-07-17,4.16,5.33,313.566,4.2
2024-07-18,4.2,5.33,313.566,4.2
2024-07-19,4.25,5.33,313.566,4.2
2024-07-22,4.26,5.33,313.566,4.2
2024-07-23,4.25,5.33,313.566,4.2
2024-07-24,4.28,5.33,313.566,4.2
2024-07-25,4.27,5.33,313.566,4.2
2024-07-26,4.2,5.33,313.566,4.2
2024-07-29,4.17,5.33,313.566,4.2
2024-07-30,4.15,5.33,313.566,4.2
2024-07-31,4.09,5.33,313.566,4.2
2024-08-01,3.99,5.33,314.131,4.2
2024-08-02,3.8,5.33,314.131,4.2
2024-08-05,3.78,5.33,314.131,4.2
2024-08-06,3.9,5.33,314.131,4.2
2024-08-07,3.96,5.33,314.131,4.2
2024-08-08,3.99,5.33,314.131,4.2
2024-08-09,3.94,5.33,314.131,4.2
2024-08-12,3.9,5.33,314.131,4.2
2024-08-13,3.85,5.33,314.131,4.2
2024-08-14,3.83,5.33,314.131,4.2
2024-08-15,3.92,5.33,314.131,4.2
2024-08-16,3.89,5.33,314.131,4.2
2024-08-19,3.86,5.33,314.131,4.2
2024-08-20,3.82,5.33,314.131,4.2
2024-08-21,3.79,5.33,314.131,4.2
2024-08-22,3.86,5.33,314.131,4.2
2024-08-23,3.81,5.33,314.131,4.2
2024-08-26,3.82,5.33,314.131,4.2
2024-08-27,3.83,5.33,314.131,4.2
2024-08-28,3.84,5.33,314.131,4.2
2024-08-29,3.87,5.33,314.131,4.2
2024-08-30,3.91,5.33,314.131,4.2
2024-09-03,3.84,5.33,314.131,4.2
2024-09-04,3.77,5.33,314.131,4.2
2024-09-05,3.73,5.33,314.131,4.2
2024-09-06,3.72,5.33,314.131,4.2
2024-09-09,3.7,5.33,314.131,4.2
2024-09-10,3.65,5.33,314.131,4.2
2024-09-11,3.65,5.33,314.131,4.2
2024-09-12,3.68,5.33,314.131,4.2
2024-09-13,3.66,5.33,314.131,4.2
2024-09-16,3.63,5.33,314.131,4.2
2024-09-17,3.65,5.33,314.131,4.2
2024-09-18,3.7,5.33,314.131,4.2
2024-09-19,3.73,5.33,314.131,4.2
2024-09-20,3.73,5.33,314.131,4.2
2024-09-23,3.75,5.33,314.131,4.2
2024-09-24,3.74,5.33,314.131,4.2
2024-09-25,3.79,5.33,314.131,4.2
2024-09-26,3.79,5.33,314.131,4.2
2024-09-27,3.75,5.33,314.131,4.2
2024-09-30,3.81,5.33,314.131,4.2
2024-10-01,3.74,4.83,315.564,4.1
2024-10-02,3.79,4.83,315.564,4.1
2024-10-03,3.85,4.83,315.564,4.1
2024-10-04,3.98,4.83,315.564,4.1
2024-10-07,4.03,4.83,315.564,4.1
2024-10-08,4.04,4.83,315.564,4.1
2024-10-09,4.06,4.83,315.564,4.1
2024-10-10,4.09,4.83,315.564,4.1
2024-10-11,4.08,4.83,315.564,4.1
2024-10-14,4.08,4.83,315.564,4.1
2024-10-15,4.03,4.83,315.564,4.1
2024-10-16,4.02,4.83,315.564,4.1
2024-10-17,4.09,4.83,315.564,4.1
2024-10-18,4.08,4.83,315.564,4.1
2024-10-21,4.19,4.83,315.564,4.1
2024-10-22,4.2,4.83,315.564,4.1
2024-10-23,4.24,4.83,315.564,4.1
2024-10-24,4.21,4.83,315.564,4.1
2024-10-25,4.25,4.83,315.564,4.1
2024-10-28,4.28,4.83,315.564,4.1
2024-10-29,4.28,4.83,315.564,4.1
2024-10-30,4.29,4.83,315.564,4.1
2024-10-31,4.28,4.83,315.564,4.1
2024-11-01,4.37,4.64,316.449,4.2
2024-11-04,4.31,4.64,316.449,4.2
2024-11-05,4.26,4.64,316.449,4.2
2024-11-06,4.42,4.64,316.449,4.2
2024-11-07,4.31,4.64,316.449,4.2
2024-11-08,4.3,4.64,316.449,4.2
2024-11-11,4.3,4.64,316.449,4.2
2024-11-12,4.43,4.64,316.449,4.2
2024-11-13,4.44,4.64,316.449,4.2
2024-11-14,4.43,4.64,316.449,4.2
2024-11-15,4.43,4.64,316.449,4.2
2024-11-18,4.42,4.64,316.449,4.2
2024-11-19,4.39,4.64,316.449,4.2
2024-11-20,4.41,4.64,316.449,4.2
2024-11-21,4.43,4.64,316.449,4.2
2024-11-22,4.41,4.64,316.449,4.2
2024-11-25,4.27,4.64,316.449,4.2
2024-11-26,4.3,4.64,316.449,4.2
2024-11-27,4.25,4.64,316.449,4.2
2024-11-29,4.18,4.64,316.449,4.2
2024-12-02,4.19,4.64,316.449,4.2
2024-12-03,4.23,4.64,316.449,4.2
2024-12-04,4.19,4.64,316.449,4.2
2024-12-05,4.17,4.64,316.449,4.2
2024-12-06,4.15,4.64,316.449,4.2
2024-12-09,4.2,4.64,316.449,4.2
2024-12-10,4.22,4.64,316.449,4.2
2024-12-11,4.26,4.64,316.449,4.2
2024-12-12,4.32,4.64,316.449,4.2
2024-12-13,4.4,4.64,316.449,4.2
2024-12-16,4.39,4.64,316.449,4.2
2024-12-17,4.4,4.64,316.449,4.2
2024-12-18,4.5,4.64,316.449,4.2
2024-12-19,4.57,4.64,316.449,4.2
2024-12-20,4.52,4.64,316.449,4.2
2024-12-23,4.59,4.64,316.449,4.2
2024-12-24,4.59,4.64,316.449,4.2
2024-12-26,4.58,4.64,316.449,4.2
2024-12-27,4.62,4.64,316.449,4.2
2024-12-30,4.55,4.64,316.449,4.2
2024-12-31,4.58,4.64,316.449,4.2
2025-01-02,4.57,4.64,316.449,4.2
2025-01-03,4.6,4.64,316.449,4.2
2025-01-06,4.62,4.64,316.449,4.2
2025-01-07,4.67,4.64,316.449,4.2
2025-01-08,4.67,4.64,316.449,4.2
2025-01-10,4.77,4.64,316.449,4.2
2025-01-13,4.79,4.64,316.449,4.2
2025-01-14,4.78,4.64,316.449,4.2
2025-01-15,4.66,4.64,316.449,4.2
2025-01-16,4.61,4.64,316.449,4.2
2025-01-17,4.61,4.64,316.449,4.2
2025-01-21,4.57,4.64,316.449,4.2
2025-01-22,4.6,4.64,316.449,4.2
2025-01-23,4.65,4.64,316.449,4.2
2025-01-24,4.63,4.64,316.449,4.2
2025-01-27,4.53,4.64,316.449,4.2
2025-01-28,4.55,4.64,316.449,4.2
2025-01-29,4.55,4.64,316.449,4.2
2025-01-30,4.52,4.64,316.449,4.2
2025-01-31,4.58,4.64,316.449,4.2
2025-02-03,4.54,4.64,316.449,4.2
2025-02-04,4.52,4.64,316.449,4.2
2025-02-05,4.43,4.64,316.449,4.2
2025-02-06,4.45,4.64,316.449,4.2
2025-02-07,4.49,4.64,316.449,4.2
2025-02-10,4.51,4.64,316.449,4.2
2025-02-11,4.54,4.64,316.449,4.2
2025-02-12,4.62,4.64,316.449,4.2
2025-02-13,4.52,4.64,316.449,4.2
2025-02-14,4.47,4.64,316.449,4.2
2025-02-18,4.55,4.64,316.449,4.2
2025-02-19,4.53,4.64,316.449,4.2
2025-02-20,4.5,4.64,316.449,4.2
2025-02-21,4.42,4.64,316.449,4.2
2025-02-24,4.4,4.64,316.449,4.2
2025-02-25,4.3,4.64,316.449,4.2
2025-02-26,4.25,4.64,316.449,4.2
2025-02-27,4.29,4.64,316.449,4.2
2025-02-28,4.24,4.64,316.449,4.2
2025-03-03,4.16,4.64,316.449,4.2
2025-03-04,4.22,4.64,316.449,4.2
2025-03-05,4.28,4.64,316.449,4.2
2025-03-06,4.29,4.64,316.449,4.2
2025-03-07,4.32,4.64,316.449,4.2
2025-03-10,4.22,4.64,316.449,4.2
2025-03-11,4.28,4.64,316.449,4.2
2025-03-12,4.32,4.64,316.449,4.2
2025-03-13,4.27,4.64,316.449,4.2
2025-03-14,4.31,4.64,316.449,4.2
2025-03-17,4.31,4.64,316.449,4.2
2025-03-18,4.29,4.64,316.449,4.2
2025-03-19,4.25,4.64,316.449,4.2
2025-03-20,4.24,4.64,316.449,4.2
2025-03-21,4.25,4.64,316.449,4.2
2025-03-24,4.34,4.64,316.449,4.2
2025-03-25,4.31,4.64,316.449,4.2
2025-03-26,4.35,4.64,316.449,4.2
2025-03-27,4.38,4.64,316.449,4.2
2025-03-28,4.27,4.64,316.449,4.2
2025-03-31,4.23,4.64,316.449,4.2
2025-04-01,4.17,4.33,320.321,4.2
2025-04-02,4.2,4.33,320.321,4.2
2025-04-03,4.06,4.33,320.321,4.2
2025-04-04,4.01,4.33,320.321,4.2
2025-04-07,4.15,4.33,320.321,4.2
2025-04-08,4.26,4.33,320.321,4.2
2025-04-09,4.34,4.33,320.321,4.2
2025-04-10,4.4,4.33,320.321,4.2
2025-04-11,4.48,4.33,320.321,4.2
2025-04-14,4.38,4.33,320.321,4.2
2025-04-15,4.35,4.33,320.321,4.2
2025-04-16,4.29,4.33,320.321,4.2
2025-04-17,4.34,4.33,320.321,4.2
2025-04-21,4.42,4.33,320.321,4.2
2025-04-22,4.41,4.33,320.321,4.2
2025-04-23,4.4,4.33,320.321,4.2
2025-04-24,4.32,4.33,320.321,4.2
2025-04-25,4.29,4.33,320.321,4.2
2025-04-28,4.23,4.33,320.321,4.2
2025-04-29,4.19,4.33,320.321,4.2
2025-04-30,4.17,4.33,320.321,4.2
2025-05-01,4.25,4.33,320.58,4.2
2025-05-02,4.33,4.33,320.58,4.2
2025-05-05,4.36,4.33,320.58,4.2
2025-05-06,4.3,4.33,320.58,4.2
2025-05-07,4.26,4.33,320.58,4.2
2025-05-08,4.37,4.33,320.58,4.2
2025-05-09,4.37,4.33,320.58,4.2
2025-05-12,4.45,4.33,320.58,4.2
2025-05-13,4.49,4.33,320.58,4.2
2025-05-14,4.53,4.33,320.58,4.2
2025-05-15,4.45,4.33,320.58,4.2
2025-05-16,4.43,4.33,320.58,4.2
2025-05-19,4.46,4.33,320.58,4.2
2025-05-20,4.48,4.33,320.58,4.2
2025-05-21,4.58,4.33,320.58,4.2
2025-05-22,4.54,4.33,320.58,4.2
2025-05-23,4.51,4.33,320.58,4.2
2025-05-27,4.43,4.33,320.58,4.2
2025-05-28,4.47,4.33,320.58,4.2
2025-05-29,4.43,4.33,320.58,4.2
2025-05-30,4.41,4.33,320.58,4.2
2025-06-02,4.46,4.33,320.58,4.2
2025-06-03,4.46,4.33,320.58,4.2
2025-06-04,4.37,4.33,320.58,4.2
2025-06-05,4.4,4.33,320.58,4.2
2025-06-06,4.51,4.33,320.58,4.2
2025-06-09,4.49,4.33,320.58,4.2
2025-06-10,4.47,4.33,320.58,4.2
2025-06-11,4.41,4.33,320.58,4.2
2025-06-12,4.36,4.33,320.58,4.2
2025-06-13,4.41,4.33,320.58,4.2
2025-06-16,4.46,4.33,320.58,4.2
2025-06-17,4.39,4.33,320.58,4.2
2025-06-18,4.38,4.33,320.58,4.2
2025-06-20,4.38,4.33,320.58,4.2
2025-06-23,4.34,4.33,320.58,4.2
2025-06-24,4.3,4.33,320.58,4.2
2025-06-25,4.29,4.33,320.58,4.2
2025-06-26,4.26,4.33,320.58,4.2
2025-06-27,4.29,4.33,320.58,4.2
2025-06-30,4.24,4.33,320.58,4.2
2025-07-01,4.26,4.33,322.132,4.2
2025-07-02,4.3,4.33,322.132,4.2
2025-07-03,4.35,4.33,322.132,4.2
2025-07-07,4.4,4.33,322.132,4.2
2025-07-08,4.42,4.33,322.132,4.2
2025-07-09,4.34,4.33,322.132,4.2
2025-07-10,4.35,4.33,322.132,4.2
2025-07-11,4.43,4.33,322.132,4.2
2025-07-14,4.43,4.33,322.132,4.2
2025-07-15,4.5,4.33,322.132,4.2
2025-07-16,4.46,4.33,322.132,4.2
2025-07-17,4.47,4.33,322.132,4.2
2025-07-18,4.44,4.33,322.132,4.2
2025-07-21,4.38,4.33,322.132,4.2
2025-07-22,4.35,4.33,322.132,4.2
2025-07-23,4.4,4.33,322.132,4.2
2025-07-24,4.43,4.33,322.132,4.2
2025-07-25,4.4,4.33,322.132,4.2
2025-07-28,4.42,4.33,322.132,4.2
2025-07-29,4.34,4.33,322.132,4.2
2025-07-30,4.38,4.33,322.132,4.2
2025-07-31,4.37,4.33,322.132,4.2
2025-08-01,4.23,4.33,322.132,4.2
2025-08-04,4.22,4.33,322.132,4.2
2025-08-05,4.22,4.33,322.132,4.2
2025-08-06,4.22,4.33,322.132,4.2
2025-08-07,4.23,4.33,322.132,4.2
2025-08-08,4.27,4.33,322.132,4.2
2025-08-11,4.27,4.33,322.132,4.2
2025-08-12,4.29,4.33,322.132,4.2
2025-08-13,4.24,4.33,322.132,4.2
2025-08-14,4.29,4.33,322.132,4.2
2025-08-15,4.33,4.33,322.132,4.2
2025-08-18,4.34,4.33,322.132,4.2
2025-08-19,4.3,4.33,322.132,4.2
2025-08-20,4.29,4.33,322.132,4.2
2025-08-21,4.29,4.33,322.132,4.2
2025-08-22,4.29,4.33,322.132,4.2
