date,spx_close,vix,dgs10,fedfunds,cpi,unrate
2020-08-24,0.060143240967019285,0.259698557397417,0.65,4.33,301.476,4.0
2020-08-25,0.06396178629200766,0.2512972691760106,0.69,4.33,301.476,4.0
2020-08-26,0.07482626355358835,0.2819372421064602,0.69,4.33,301.476,4.0
2020-08-27,0.076627238961688,0.311588806008539,0.74,4.33,301.476,4.0
2020-08-28,0.08388674350949277,0.27427721352639545,0.74,4.33,301.476,4.0
2020-08-31,0.08150405281793449,0.359525559895987,0.72,4.33,301.476,4.0
2020-09-01,0.08965471496102206,0.3523597829600442,0.68,0.09,259.997,7.8
2020-09-02,0.10642345125482766,0.3634791017495975,0.66,0.09,259.997,7.8
2020-09-03,0.06750178820789077,0.5371879824411766,0.63,0.09,259.997,7.8
2020-09-04,0.05880642902665567,0.4667654887175291,0.72,0.09,259.997,7.8
2020-09-08,0.029372315610609157,0.48430932480168365,0.69,0.09,259.997,7.8
2020-09-09,0.05014204429557889,0.4188287348300811,0.71,0.09,259.997,7.8
2020-09-10,0.03164667127405307,0.4410674195391243,0.68,0.09,259.997,7.8
2020-09-11,0.0321974876547928,0.3708920280725696,0.67,0.09,259.997,7.8
2020-09-14,0.04537046802243094,0.3456881634083503,0.68,0.09,259.997,7.8
2020-09-15,0.050835192052167466,0.33926364611374904,0.68,0.09,259.997,7.8
2020-09-16,0.045973865421000015,0.35038301203323896,0.69,0.09,259.997,7.8
2020-09-17,0.03716095442404277,0.3607610240515141,0.69,0.09,259.997,7.8
2020-09-18,0.02554447795057313,0.3451939588941648,0.7,0.09,259.997,7.8
2020-09-21,0.013658825950484843,0.3933778150387055,0.68,0.09,259.997,7.8
2020-09-22,0.02433768315343454,0.3706449258154768,0.68,0.09,259.997,7.8
2020-09-23,0.0,0.4131455243067581,0.68,0.09,259.997,7.8
2020-09-24,0.002992358527598382,0.4114158556370455,0.67,0.09,259.997,7.8
2020-09-25,0.019043091957249736,0.35878425312470885,0.66,0.09,259.997,7.8
2020-09-28,0.03548689871415234,0.3540894516297567,0.67,0.09,259.997,7.8
2020-09-29,0.03049555493975986,0.35606622255656195,0.66,0.09,259.997,7.8
2020-09-30,0.039014510849971984,0.3585371979975527,0.69,0.09,259.997,7.8
2020-10-01,0.04452259910993028,0.3666913839618664,0.68,0.09,260.319,6.9
2020-10-02,0.03450281776839503,0.38967132831225126,0.7,0.09,260.319,6.9
2020-10-05,0.05312511048813007,0.397825514276565,0.78,0.09,260.319,6.9
2020-10-06,0.038386333891276214,0.4353842090158013,0.76,0.09,260.319,6.9
2020-10-07,0.05647941679794277,0.4002964897175557,0.81,0.09,260.319,6.9
2020-10-08,0.06495508402537298,0.3582900957404599,0.78,0.09,260.319,6.9
2020-10-09,0.07433422308070958,0.3246849428548342,0.79,0.09,260.319,6.9
2020-10-12,0.09199721441481401,0.32641461152454665,0.79,0.09,260.319,6.9
2020-10-13,0.08509973319666297,0.3511242716745806,0.74,0.09,260.319,6.9
2020-10-14,0.07790210200173497,0.3592784576388943,0.73,0.09,260.319,6.9
2020-10-15,0.07625282585197102,0.3733629563836238,0.74,0.09,260.319,6.9
2020-10-16,0.07639825467283567,0.38423522004602095,0.76,0.09,260.319,6.9
2020-10-19,0.05879403924659243,0.42797132982276576,0.78,0.09,260.319,6.9
2020-10-20,0.06380706513609558,0.43217197393346896,0.81,0.09,260.319,6.9
2020-10-21,0.06146766312731944,0.4148751929764706,0.83,0.09,260.319,6.9
2020-10-22,0.06701594262504385,0.4015320010030192,0.87,0.09,260.319,6.9
2020-10-23,0.07069827591677558,0.387694557385446,0.85,0.09,260.319,6.9
2020-10-26,0.05076402636424304,0.5090189849517176,0.81,0.09,260.319,6.9
2020-10-27,0.047579852887982055,0.531010567403668,0.79,0.09,260.319,6.9
2020-10-28,0.010555110497195708,0.7022485197841929,0.79,0.09,260.319,6.9
2020-10-29,0.022648140218465063,0.635779567914156,0.85,0.09,260.319,6.9
2020-10-30,0.010223986070260871,0.6464047293194604,0.88,0.09,260.319,6.9
2020-11-02,0.02268833145623117,0.6244131468675099,0.87,0.09,260.319,6.9
2020-11-03,0.040920648293730766,0.5853718385857173,0.9,0.09,260.319,6.9
2020-11-04,0.06390603228172287,0.43760808219969927,0.78,0.09,260.319,6.9
2020-11-05,0.08464176461895834,0.38843586415672415,0.79,0.09,260.319,6.9
2020-11-06,0.08432922486211836,0.321225605515409,0.83,0.09,260.319,6.9
2020-11-09,0.09703494431700421,0.34321718796735956,0.96,0.09,260.319,6.9
2020-11-10,0.09549702509293079,0.3197429919728527,0.98,0.09,260.319,6.9
2020-11-11,0.10389215874994973,0.2863849884742562,0.98,0.09,260.319,6.9
2020-11-12,0.09286057055239372,0.33333333333333326,0.88,0.09,260.319,6.9
2020-11-13,0.10775709020273605,0.277736597995757,0.89,0.09,260.319,6.9
2020-11-16,0.12067940416641099,0.26167532832422224,0.91,0.09,260.319,6.9
2020-11-17,0.11530133304967771,0.268099798488887,0.87,0.09,260.319,6.9
2020-11-18,0.1023852139760344,0.2960217408511897,0.88,0.09,260.319,6.9
2020-11-19,0.10674218590169948,0.2779837002528497,0.86,0.09,260.319,6.9
2020-11-20,0.09921343027983665,0.29256240351176466,0.83,0.09,260.319,6.9
2020-11-23,0.1054177637413991,0.2668643343333599,0.86,0.09,260.319,6.9
2020-11-24,0.12330966381691644,0.24166046966914057,0.88,0.09,260.319,6.9
2020-11-25,0.12152727307891165,0.23202371729220694,0.88,0.09,260.319,6.9
2020-11-27,0.12421948162973351,0.22189276040108796,0.84,0.09,260.319,6.9
2020-11-30,0.11904553969428666,0.21522114084939403,0.84,0.09,260.319,6.9
2020-12-01,0.13167699601623228,0.2201630917313755,0.92,0.09,262.045,6.7
2020-12-02,0.13370695571318425,0.23004694636540168,0.95,0.09,262.045,6.7
2020-12-03,0.13299832073151663,0.2327650240634851,0.92,0.09,262.045,6.7
2020-12-04,0.1430242969630835,0.22065729624556085,0.97,0.09,262.045,6.7
2020-12-07,0.14080864166006113,0.23325918144773405,0.94,0.09,262.045,6.7
2020-12-08,0.14399281513632234,0.21793921854747744,0.92,0.09,262.045,6.7
2020-12-09,0.13488594905261997,0.25722758195642637,0.95,0.09,262.045,6.7
2020-12-10,0.1334253904065026,0.2634049969939348,0.92,0.09,262.045,6.7
2020-12-11,0.13198953577307226,0.28292560400489464,0.9,0.09,262.045,6.7
2020-12-14,0.12704775111893296,0.31776622104604746,0.9,0.09,262.045,6.7
2020-12-15,0.14163180655987473,0.272547544856683,0.92,0.09,262.045,6.7
2020-12-16,0.14365859326437147,0.26291079247974936,0.92,0.09,262.045,6.7
2020-12-17,0.15025282706073018,0.24882629373501985,0.94,0.09,262.045,6.7
2020-12-18,0.14620839489190507,0.23993080099942798,0.95,0.09,262.045,6.7
2020-12-21,0.1417245788154704,0.3286384847084446,0.95,0.09,262.045,6.7
2020-12-22,0.1393542779039756,0.3056584932281232,0.93,0.09,262.045,6.7
2020-12-23,0.14020524426149206,0.28292560400489464,0.96,0.09,262.045,6.7
2020-12-24,0.14424348154028532,0.23894243910099366,0.94,0.09,262.045,6.7
2020-12-28,0.15423848332169388,0.24314308321169686,0.94,0.09,262.045,6.7
2020-12-29,0.1516639021340338,0.27724239348157154,0.94,0.09,262.045,6.7
2020-12-30,0.15321111369315465,0.2695824120314433,0.93,0.09,262.045,6.7
2020-12-31,0.16064702151198218,0.2690882075172578,0.93,0.09,262.045,6.7
2021-01-04,0.14349767721842777,0.3733629563836238,0.93,0.09,262.045,6.7
2021-01-05,0.15160822367118842,0.3330862310762406,0.96,0.09,262.045,6.7
2021-01-06,0.15819308958506006,0.32641461152454665,1.04,0.09,262.045,6.7
2021-01-07,0.1754135995665389,0.259698557397417,1.08,0.09,262.045,6.7
2021-01-08,0.18187781621967258,0.2396836987423353,1.13,0.09,262.045,6.7
2021-01-11,0.17412015185639684,0.3019520536316055,1.15,0.09,262.045,6.7
2021-01-12,0.17460901933682038,0.28341980851908,1.15,0.09,262.045,6.7
2021-01-13,0.17728574066256297,0.25574496841386996,1.1,0.09,262.045,6.7
2021-01-14,0.1728607004939895,0.28144303759227485,1.15,0.09,262.045,6.7
2021-01-15,0.1644160077167176,0.30837657092620663,1.11,0.09,262.045,6.7
2021-01-19,0.17390348180016857,0.28119593533518206,1.1,0.09,262.045,6.7
2021-01-20,0.19028541520419395,0.24017790325652066,1.1,0.09,262.045,6.7
2021-01-21,0.19066292575892674,0.23375338596191952,1.12,0.09,262.045,6.7
2021-01-22,0.18707336472279068,0.24833208922083438,1.1,0.09,262.045,6.7
2021-01-25,0.19137156074059458,0.27996047117965495,1.05,0.09,262.045,6.7
2021-01-26,0.1895953648926214,0.27575982706895175,1.05,0.09,262.045,6.7
2021-01-27,0.15900696214982624,0.6263898706643787,1.04,0.09,262.045,6.7
2021-01-28,0.17033560287914296,0.45342224961414124,1.07,0.09,262.045,6.7
2021-01-29,0.14770302543319658,0.5245860972390034,1.11,0.09,262.045,6.7
2021-02-01,0.16615201232692445,0.4541635563854195,1.09,0.08,263.573,6.2
2021-02-02,0.18238224647261436,0.3385223393424709,1.12,0.08,263.573,6.2
2021-02-03,0.1835766514896897,0.27304174937086834,1.15,0.08,263.573,6.2
2021-02-04,0.19644018954550346,0.24487275188140933,1.15,0.08,263.573,6.2
2021-02-05,0.20110970122800853,0.2226340671723661,1.19,0.08,263.573,6.2
2021-02-08,0.21000926513796925,0.23177661503511426,1.19,0.08,263.573,6.2
2021-02-09,0.2086600634175424,0.24141336741204777,1.18,0.08,263.573,6.2
2021-02-10,0.2082422860776041,0.25030886014763964,1.15,0.08,263.573,6.2
2021-02-11,0.2102536611044612,0.23202371729220694,1.16,0.08,263.573,6.2
2021-02-12,0.21596293219556872,0.20039533533338644,1.2,0.08,263.573,6.2
2021-02-16,0.21526978443898015,0.23721272330134457,1.3,0.08,263.573,6.2
2021-02-17,0.21487988410418413,0.2382011323297154,1.29,0.08,263.573,6.2
2021-02-18,0.20950793233004306,0.2626636902226567,1.29,0.08,263.573,6.2
2021-02-19,0.207261378124302,0.25179142656025955,1.34,0.08,263.573,6.2
2021-02-22,0.19791313797168408,0.2863849884742562,1.37,0.08,263.573,6.2
2021-02-23,0.19942015829303883,0.2779837002528497,1.37,0.08,263.573,6.2
2021-02-24,0.21305412913595778,0.234247590476105,1.38,0.08,263.573,6.2
2021-02-25,0.1833198657431343,0.42080550575688647,1.54,0.08,263.573,6.2
2021-02-26,0.17769105267499885,0.3975784591494088,1.44,0.08,263.573,6.2
2021-03-01,0.20574823846035528,0.28391401303326547,1.45,0.07,264.847,6.1
2021-03-02,0.19599151330284625,0.30244625814579096,1.42,0.07,264.847,6.1
2021-03-03,0.18034299444061497,0.36595007719058825,1.47,0.07,264.847,6.1
2021-03-04,0.16448407595962622,0.4128984220496653,1.54,0.07,264.847,6.1
2021-03-05,0.18721879354365534,0.31628365463342767,1.56,0.07,264.847,6.1
2021-03-08,0.18084742469355675,0.33629846615857295,1.59,0.07,264.847,6.1
2021-03-09,0.19758511098976506,0.3007165894760784,1.55,0.07,264.847,6.1
2021-03-10,0.20481681407986696,0.26439335889236915,1.53,0.07,264.847,6.1
2021-03-11,0.2173585200437933,0.24833208922083438,1.54,0.07,264.847,6.1
2021-03-12,0.21859628929108998,0.21818632080457023,1.64,0.07,264.847,6.1
2021-03-15,0.22651796714532502,0.20187794887594274,1.62,0.07,264.847,6.1
2021-03-16,0.22459014758645557,0.195947636095527,1.62,0.07,264.847,6.1
2021-03-17,0.22812093271473066,0.18211019247795374,1.63,0.07,264.847,6.1
2021-03-18,0.2099689983527635,0.24017790325652066,1.71,0.07,264.847,6.1
2021-03-19,0.20923875680342463,0.22461083809917137,1.74,0.07,264.847,6.1
2021-03-22,0.21774532293357352,0.17346180199945455,1.69,0.07,264.847,6.1
2021-03-23,0.2084403714637375,0.2085495212977002,1.63,0.07,264.847,6.1
2021-03-24,0.20182445555226836,0.23078825313667983,1.62,0.07,264.847,6.1
2021-03-25,0.20813092915191334,0.19644179347977592,1.63,0.07,264.847,6.1
2021-03-26,0.22825087431051627,0.17296764461520553,1.67,0.07,264.847,6.1
2021-03-29,0.22718331344421072,0.21942178496009734,1.73,0.07,264.847,6.1
2021-03-30,0.22330289476634535,0.19149988972773097,1.73,0.07,264.847,6.1
2021-03-31,0.22774024916754265,0.18631083658865694,1.74,0.07,264.847,6.1
2021-04-01,0.24227791848068647,0.13516184761887656,1.69,0.07,266.625,6.1
2021-04-05,0.2602378867991124,0.1494934486206988,1.73,0.07,266.625,6.1
2021-04-06,0.25900940988686316,0.15468250175977288,1.67,0.07,266.625,6.1
2021-04-07,0.260869161202824,0.13096120350817336,1.68,0.07,266.625,6.1
2021-04-08,0.2661977487467435,0.1257721974990358,1.64,0.07,266.625,6.1
2021-04-09,0.275985372806971,0.11934768020443459,1.67,0.07,266.625,6.1
2021-04-12,0.27573485749788684,0.1247837884706649,1.69,0.07,266.625,6.1
2021-04-13,0.27994315206279263,0.11835927117606371,1.64,0.07,266.625,6.1
2021-04-14,0.2747043904243318,0.12676055939747016,1.64,0.07,266.625,6.1
2021-04-15,0.288864398087864,0.11638250024925845,1.56,0.07,266.625,6.1
2021-04-16,0.29352159553774504,0.1084754165420374,1.59,0.07,266.625,6.1
2021-04-19,0.28664874278484165,0.1341734857204422,1.61,0.07,266.625,6.1
2021-04-20,0.2778853909081376,0.16851989824740965,1.58,0.07,266.625,6.1
2021-04-21,0.28979272502333653,0.13936249172957982,1.57,0.07,266.625,6.1
2021-04-22,0.2778977806882008,0.16926115788875135,1.57,0.07,266.625,6.1
2021-04-23,0.2918814606281497,0.13516184761887656,1.58,0.07,266.625,6.1
2021-04-26,0.29418686628919133,0.14282182906900487,1.58,0.07,266.625,6.1
2021-04-27,0.29390839842752525,0.1408450581421996,1.63,0.07,266.625,6.1
2021-04-28,0.2928129605560774,0.1339263834633495,1.63,0.07,266.625,6.1
2021-04-29,0.3015670956451735,0.14208056942766323,1.65,0.07,266.625,6.1
2021-04-30,0.29219090293997385,0.16679022957769707,1.65,0.07,266.625,6.1
2021-05-03,0.2957464676283754,0.15937730325472504,1.63,0.07,266.625,6.1
2021-05-04,0.28708208289729864,0.1882876075154622,1.61,0.07,266.625,6.1
2021-05-05,0.28798865217022107,0.18013342155114848,1.59,0.07,266.625,6.1
2021-05-06,0.2985190586547297,0.16135407418153042,1.58,0.07,266.625,6.1
2021-05-07,0.3081055754312474,0.11934768020443459,1.6,0.07,266.625,6.1
2021-05-10,0.2944375326931543,0.19273535388325813,1.63,0.07,266.625,6.1
2021-05-11,0.28319546932940165,0.24660242055112191,1.64,0.07,266.625,6.1
2021-05-12,0.2556365189069554,0.38868296641381683,1.69,0.07,266.625,6.1
2021-05-13,0.2709415235621886,0.27847785763709865,1.66,0.07,266.625,6.1
2021-05-14,0.28992583961157736,0.17173213332974202,1.63,0.07,266.625,6.1
2021-05-17,0.2866581106673285,0.19421792029587798,1.64,0.07,266.625,6.1
2021-05-18,0.27568529837763367,0.234247590476105,1.64,0.07,266.625,6.1
2021-05-19,0.2719256045079459,0.2550037087725283,1.68,0.07,266.625,6.1
2021-05-20,0.28536776040220246,0.21769211629038476,1.63,0.07,266.625,6.1
2021-05-21,0.2843588998963187,0.20484308170118237,1.63,0.07,266.625,6.1
2021-05-24,0.29710481058897087,0.16160117643862304,1.61,0.07,266.625,6.1
2021-05-25,0.2943446093426798,0.17247344010102017,1.56,0.07,266.625,6.1
2021-05-26,0.29677693470193045,0.13590315439015477,1.58,0.07,266.625,6.1
2021-05-27,0.298289998818438,0.12058314435996165,1.61,0.07,266.625,6.1
2021-05-28,0.2992894914418349,0.12107734887414712,1.58,0.07,266.625,6.1
2021-06-01,0.29864900025051533,0.14924634636360606,1.62,0.08,270.71,5.9
2021-06-02,0.30053043368158683,0.13886828721539435,1.59,0.08,270.71,5.9
2021-06-03,0.2958052435362366,0.15270573083296762,1.63,0.08,270.71,5.9
2021-06-04,0.30726699885379416,0.11267606065274066,1.56,0.08,270.71,5.9
2021-06-07,0.3062241420001759,0.11267606065274066,1.57,0.08,270.71,5.9
2021-06-08,0.3064530507415888,0.12873733032427537,1.53,0.08,270.71,5.9
2021-06-09,0.3040672626050147,0.14899924410651333,1.5,0.08,270.71,5.9
2021-06-10,0.310141730018231,0.10476897694551962,1.45,0.08,270.71,5.9
2021-06-11,0.3126976509883568,0.09364961102602976,1.47,0.08,270.71,5.9
2021-06-14,0.31508343912493086,0.11193475388146251,1.51,0.08,270.71,5.9
2021-06-15,0.31243459480433056,0.1275018661687483,1.51,0.08,270.71,5.9
2021-06-16,0.30535156907498795,0.15542376140111458,1.57,0.08,270.71,5.9
2021-06-17,0.30478209247671395,0.14553990676708828,1.52,0.08,270.71,5.9
2021-06-18,0.2876359967230542,0.2184334230616629,1.45,0.08,270.71,5.9
2021-06-21,0.3056888128445152,0.14899924410651333,1.5,0.08,270.71,5.9
2021-06-22,0.3123882086765326,0.11860637343315639,1.48,0.08,270.71,5.9
2021-06-23,0.31096474382316575,0.11020508521174993,1.5,0.08,270.71,5.9
2021-06-24,0.3185926176855347,0.10155671829821905,1.49,0.08,270.71,5.9
2021-06-25,0.3229897808489657,0.09290832781971986,1.54,0.08,270.71,5.9
2021-06-28,0.3260562514146257,0.09636768872411317,1.49,0.08,270.71,5.9
2021-06-29,0.32642446963431104,0.10279220601871436,1.49,0.08,270.71,5.9
2021-06-30,0.3281883512496604,0.09809735739382575,1.45,0.08,270.71,5.9
2021-07-01,0.3351322185956094,0.08944896691532656,1.48,0.1,271.965,5.4
2021-07-02,0.3451581192797366,0.07931801002420763,1.44,0.1,271.965,5.4
2021-07-06,0.3424350873736355,0.11317026516692608,1.37,0.1,271.965,5.4
2021-07-07,0.3469498023527888,0.10723995238651035,1.33,0.1,271.965,5.4
2021-07-08,0.3354044915672436,0.1764269819546307,1.3,0.1,271.965,5.4
2021-07-09,0.3504836093786403,0.10674574787232488,1.37,0.1,271.965,5.4
2021-07-12,0.3551500236161296,0.10649864561523215,1.38,0.1,271.965,5.4
2021-07-13,0.3503784473429814,0.129972841609739,1.42,0.1,271.965,5.4
2021-07-14,0.3519534603598051,0.11045218746884267,1.37,0.1,271.965,5.4
2021-07-15,0.3475377125262791,0.12725476391165558,1.31,0.1,271.965,5.4
2021-07-16,0.3373664585687264,0.1628366877240866,1.31,0.1,271.965,5.4
2021-07-19,0.31611707919094134,0.26291079247974936,1.19,0.1,271.965,5.4
2021-07-20,0.3360977148712716,0.19446502255297066,1.23,0.1,271.965,5.4
2021-07-21,0.347123108178796,0.1494934486206988,1.3,0.1,271.965,5.4
2021-07-22,0.3498431181873207,0.1440573403544685,1.27,0.1,271.965,5.4
2021-07-23,0.36355452515563513,0.13194961253654425,1.3,0.1,271.965,5.4
2021-07-26,0.3668066913273653,0.14133926265638508,1.29,0.1,271.965,5.4
2021-07-27,0.3603579618993109,0.1853224746902225,1.25,0.1,271.965,5.4
2021-07-28,0.36010427359777153,0.15937730325472504,1.26,0.1,271.965,5.4
2021-07-29,0.3658319782640951,0.14430444261156117,1.28,0.1,271.965,5.4
2021-07-30,0.3584393591280495,0.15764763458501252,1.24,0.1,271.965,5.4
2021-08-02,0.35593299727817684,0.18779340300127673,1.2,0.1,271.965,5.4
2021-08-03,0.36706974751139176,0.15270573083296762,1.19,0.1,271.965,5.4
2021-08-04,0.3607293531114515,0.1509760150333186,1.19,0.1,271.965,5.4
2021-08-05,0.36891098970469716,0.1339263834633495,1.23,0.1,271.965,5.4
2021-08-06,0.37120702748325174,0.10600444110104673,1.31,0.1,271.965,5.4
2021-08-09,0.3699166772181257,0.12008893984577623,1.33,0.1,271.965,5.4
2021-08-10,0.37127819317117616,0.12181865564542527,1.36,0.1,271.965,5.4
2021-08-11,0.3730296850064623,0.10649864561523215,1.35,0.1,271.965,5.4
2021-08-12,0.37872958821508296,0.09216704461340997,1.36,0.1,271.965,5.4
2021-08-13,0.3809482654156815,0.08870768370901666,1.29,0.1,271.965,5.4
2021-08-16,0.38457182279955227,0.10526318145970509,1.26,0.1,271.965,5.4
2021-08-17,0.3747841987393248,0.1494934486206988,1.26,0.1,271.965,5.4
2021-08-18,0.35998974367962555,0.23993080099942798,1.27,0.1,271.965,5.4
2021-08-19,0.3617008931822665,0.24240177644041871,1.24,0.1,271.965,5.4
2021-08-20,0.37280062517017054,0.16555471829223356,1.26,0.1,271.965,5.4
2021-08-23,0.3845160687892677,0.13071410125108063,1.25,0.1,271.965,5.4
2021-08-24,0.386589392716441,0.13244376992079315,1.29,0.1,271.965,5.4
2021-08-25,0.38967142605461946,0.12181865564542527,1.35,0.1,271.965,5.4
2021-08-26,0.38156715003932984,0.17247344010102017,1.34,0.1,271.965,5.4
2021-08-27,0.3937499301186185,0.11193475388146251,1.31,0.1,271.965,5.4
2021-08-30,0.3997592756390633,0.10699285012941762,1.29,0.1,271.965,5.4
2021-08-31,0.3978686254203836,0.11415862706536045,1.3,0.1,271.965,5.4
2021-09-01,0.39830483633553815,0.10501607920261236,1.31,0.08,273.942,4.7
2021-09-02,0.40228437325390964,0.11242895839564793,1.29,0.08,273.942,4.7
2021-09-03,0.40181401489614177,0.11242895839564793,1.33,0.08,273.942,4.7
2021-09-07,0.3970484824181466,0.1551766591440219,1.38,0.08,273.942,4.7
2021-09-08,0.3952042183272648,0.1507289127762259,1.35,0.08,273.942,4.7
2021-09-09,0.38877090057685004,0.17148503107264929,1.3,0.08,273.942,4.7
2021-09-10,0.3780333430134786,0.22461083809917137,1.35,0.08,273.942,4.7
2021-09-13,0.381174152259518,0.1855695769473153,1.33,0.08,273.942,4.7
2021-09-14,0.37322761929771686,0.18779340300127673,1.28,0.08,273.942,4.7
2021-09-15,0.38487824321380004,0.15616506817239273,1.31,0.08,273.942,4.7
2021-09-16,0.3827275587086705,0.16876700050450238,1.34,0.08,273.942,4.7
2021-09-17,0.37011476260425913,0.2211514536298098,1.37,0.08,273.942,4.7
2021-09-20,0.34682605564703506,0.34222877893898873,1.31,0.08,273.942,4.7
2021-09-21,0.3457306177755872,0.308870775440392,1.33,0.08,273.942,4.7
2021-09-22,0.3585570620386507,0.2226340671723661,1.32,0.08,273.942,4.7
2021-09-23,0.37506266660099064,0.16728438696194609,1.41,0.08,273.942,4.7
2021-09-24,0.37707404162784774,0.14553990676708828,1.47,0.08,273.942,4.7
2021-09-27,0.37324620396781194,0.1704966691742149,1.48,0.08,273.942,4.7
2021-09-28,0.3452478696377559,0.28144303759227485,1.54,0.08,273.942,4.7
2021-09-29,0.34736138480269574,0.26439335889236915,1.55,0.08,273.942,4.7
2021-09-30,0.33129516414796534,0.27872495989419144,1.52,0.08,273.942,4.7
2021-10-01,0.3466125585832618,0.2283172776956892,1.48,0.08,276.528,4.5
2021-10-04,0.32910428840506967,0.27427721352639545,1.49,0.08,276.528,4.5
2021-10-05,0.3431097260075686,0.23325918144773405,1.54,0.08,276.528,4.5
2021-10-06,0.3486269555076953,0.22584630225469848,1.53,0.08,276.528,4.5
2021-10-07,0.35983184953125824,0.1897702210580185,1.58,0.08,276.528,4.5
2021-10-08,0.35722636944087927,0.17074377143130764,1.61,0.08,276.528,4.5
2021-10-11,0.3478967139583564,0.2011366421046646,1.61,0.08,276.528,4.5
2021-10-12,0.3446351799041394,0.1974302025081468,1.59,0.08,276.528,4.5
2021-10-13,0.34870431608565133,0.16753148921903888,1.56,0.08,276.528,4.5
2021-10-14,0.3717453785364888,0.12354832431513779,1.52,0.08,276.528,4.5
2021-10-15,0.3819911222693,0.10971088069756452,1.59,0.08,276.528,4.5
2021-10-18,0.3866605584043654,0.10995798295465725,1.59,0.08,276.528,4.5
2021-10-19,0.3969247357123926,0.09488509874652512,1.65,0.08,276.528,4.5
2021-10-20,0.4020491185275863,0.08969606917241929,1.65,0.08,276.528,4.5
2021-10-21,0.4062543911949157,0.07783544361158773,1.68,0.08,276.528,4.5
2021-10-22,0.40474434897598455,0.08821350275979939,1.66,0.08,276.528,4.5
2021-10-25,0.4114221382403309,0.08351865413491077,1.64,0.08,276.528,4.5
2021-10-26,0.4139936219829752,0.10180379699034353,1.63,0.08,276.528,4.5
2021-10-27,0.40684245246328454,0.12651345714037743,1.54,0.08,276.528,4.5
2021-10-28,0.4206868229249612,0.11539413835082407,1.57,0.08,276.528,4.5
2021-10-29,0.42345941395131526,0.10872251879913014,1.55,0.08,276.528,4.5
2021-11-01,0.4260247028039281,0.11242895839564793,1.58,0.08,278.824,4.2
2021-11-02,0.4312790272149074,0.1030393082758071,1.56,0.08,278.824,4.2
2021-11-03,0.44053751700950583,0.08005931679548578,1.6,0.08,278.824,4.2
2021-11-04,0.44656862019250076,0.08846058145192393,1.53,0.08,278.824,4.2
2021-11-05,0.4519744927669369,0.11415862706536045,1.45,0.08,278.824,4.2
2021-11-08,0.453264994126942,0.13244376992079315,1.51,0.08,278.824,4.2
2021-11-09,0.4481746076594828,0.14628121353836643,1.46,0.08,278.824,4.2
2021-11-10,0.436248688874189,0.16975536240293676,1.56,0.08,278.824,4.2
2021-11-11,0.4370408793238443,0.14331603358319034,1.56,0.08,278.824,4.2
2021-11-12,0.4474319763300807,0.10946382557040829,1.58,0.08,278.824,4.2
2021-11-15,0.447416413557562,0.11440572932245319,1.63,0.08,278.824,4.2
2021-11-16,0.4530173496205554,0.11144059649721355,1.63,0.08,278.824,4.2
2021-11-17,0.4492328761907409,0.12972573935264625,1.6,0.08,278.824,4.2
2021-11-18,0.45414376194216133,0.14158636491347776,1.59,0.08,278.824,4.2
2021-11-19,0.45210760735517774,0.1494934486206988,1.54,0.08,278.824,4.2
2021-11-22,0.44745977778778356,0.1806276260653339,1.63,0.08,278.824,4.2
2021-11-23,0.4498611286968761,0.18581663207447152,1.67,0.08,278.824,4.2
2021-11-24,0.45319065544656234,0.16604892280641897,1.64,0.08,278.824,4.2
2021-11-26,0.420129887201629,0.41413393333512893,1.48,0.08,278.824,4.2
2021-11-29,0.4388975331947893,0.27427721352639545,1.52,0.08,278.824,4.2
2021-11-30,0.4115830542862746,0.37879911177979064,1.43,0.08,278.824,4.2
2021-12-01,0.39488555922783264,0.47590808371021376,1.43,0.08,280.806,3.9
2021-12-02,0.4147084518546744,0.3975784591494088,1.44,0.08,280.806,3.9
2021-12-03,0.4027423418316143,0.46478871779072384,1.35,0.08,280.806,3.9
2021-12-06,0.41921697194379637,0.37855200952269785,1.43,0.08,280.806,3.9
2021-12-07,0.44863877112721906,0.24783788470664914,1.48,0.08,280.806,3.9
2021-12-08,0.4531132948686063,0.1986656666636739,1.52,0.08,280.806,3.9
2021-12-09,0.44266659494696414,0.24017790325652066,1.49,0.08,280.806,3.9
2021-12-10,0.456458384390811,0.16876700050450238,1.48,0.08,280.806,3.9
2021-12-13,0.443136953304732,0.2087966235547929,1.42,0.08,280.806,3.9
2021-12-14,0.4323434906361969,0.24783788470664914,1.44,0.08,280.806,3.9
2021-12-15,0.4557869187493333,0.18359280602051004,1.47,0.08,280.806,3.9
2021-12-16,0.4430440299542575,0.21522114084939403,1.44,0.08,280.806,3.9
2021-12-17,0.4281815821990891,0.23993080099942798,1.41,0.08,280.806,3.9
2021-12-20,0.4118986914881304,0.272053387472434,1.43,0.08,280.806,3.9
2021-12-21,0.43702848954378104,0.22609340451179116,1.48,0.08,280.806,3.9
2021-12-22,0.4516744183375996,0.16728438696194609,1.46,0.08,280.806,3.9
2021-12-23,0.46071941106842496,0.1507289127762259,1.5,0.08,280.806,3.9
2021-12-27,0.48095690804275004,0.14381023809737575,1.48,0.08,280.806,3.9
2021-12-28,0.47945925560388236,0.1403509007579507,1.49,0.08,280.806,3.9
2021-12-29,0.4815356014286323,0.1257721974990358,1.55,0.08,280.806,3.9
2021-12-30,0.47710126892501115,0.13516184761887656,1.52,0.08,280.806,3.9
2021-12-31,0.4732178283495694,0.13244376992079315,1.52,0.08,280.806,3.9
2022-01-03,0.4826186495200169,0.1171238070205366,1.63,0.08,280.806,3.9
2022-01-04,0.48168412769451274,0.1247837884706649,1.66,0.08,280.806,3.9
2022-01-05,0.4529183824749281,0.19446502255297066,1.71,0.08,280.806,3.9
2022-01-06,0.45151652418923227,0.19149988972773097,1.73,0.08,280.806,3.9
2022-01-07,0.4456309253745414,0.1704966691742149,1.76,0.08,280.806,3.9
2022-01-10,0.4435453627621835,0.18631083658865694,1.78,0.08,280.806,3.9
2022-01-11,0.456783238380275,0.16184827869571577,1.75,0.08,280.806,3.9
2022-01-12,0.4608927168944321,0.14232767168475596,1.74,0.08,280.806,3.9
2022-01-13,0.44006096376170634,0.2087966235547929,1.7,0.08,280.806,3.9
2022-01-14,0.44124313009359706,0.18112183057951936,1.78,0.08,280.806,3.9
2022-01-18,0.4147114737522508,0.27007661654562876,1.87,0.08,280.806,3.9
2022-01-19,0.40098767700387317,0.2962688431082824,1.83,0.08,280.806,3.9
2022-01-20,0.3855063446250564,0.33926364611374904,1.83,0.08,280.806,3.9
2022-01-21,0.3592687189178947,0.41981714385845204,1.75,0.08,280.806,3.9
2022-01-24,0.3630408025676459,0.445762268164013,1.75,0.08,280.806,3.9
2022-01-25,0.34643003596964683,0.4768964456086481,1.78,0.08,280.806,3.9
2022-01-26,0.3444124660527581,0.4966641548767007,1.85,0.08,280.806,3.9
2022-01-27,0.33716520019013774,0.46034097142292796,1.81,0.08,280.806,3.9
2022-01-28,0.3697619560622136,0.3904126350835294,1.78,0.08,280.806,3.9
2022-01-31,0.39566218690496946,0.32048429874413087,1.79,0.08,280.806,3.9
2022-02-01,0.40525187667394236,0.2495675533763615,1.81,0.08,284.525,3.8
2022-02-02,0.4185083369621285,0.2527798355886304,1.78,0.08,284.525,3.8
2022-02-03,0.38386938270791626,0.3086236731832994,1.82,0.08,284.525,3.8
2022-02-04,0.3910143573375753,0.2807017308209966,1.93,0.08,284.525,3.8
2022-02-07,0.3858591511671021,0.2718062852153411,1.92,0.08,284.525,3.8
2022-02-08,0.3975158188783381,0.2367185659170956,1.96,0.08,284.525,3.8
2022-02-09,0.4178276545330428,0.2001482330762937,1.94,0.08,284.525,3.8
2022-02-10,0.39211296820147834,0.2977514095209023,2.03,0.08,284.525,3.8
2022-02-11,0.3656742352106066,0.38299975589049373,1.92,0.08,284.525,3.8
2022-02-14,0.3604229326972037,0.40696810926924964,1.98,0.08,284.525,3.8
2022-02-15,0.3818981989188255,0.34198172381183245,2.05,0.08,284.525,3.8
2022-02-16,0.3831173834960271,0.30714110677067963,2.03,0.08,284.525,3.8
2022-02-17,0.3537977244506869,0.4015320010030192,1.97,0.08,284.525,3.8
2022-02-18,0.34408443907083885,0.39263650826742735,1.92,0.08,284.525,3.8
2022-02-22,0.330434829907962,0.4188287348300811,1.94,0.08,284.525,3.8
2022-02-23,0.3059085047983199,0.47343710826922303,1.99,0.08,284.525,3.8
2022-02-24,0.32546531934355905,0.45614032731222465,1.96,0.08,284.525,3.8
2022-02-25,0.3551562185061612,0.38868296641381683,1.97,0.08,284.525,3.8
2022-02-28,0.3518421034341146,0.45193968320152145,1.83,0.08,284.525,3.8
2022-03-01,0.3308989933756983,0.5302693077623264,1.72,0.2,287.467,3.7
2022-03-02,0.3557411067820748,0.4665183864604364,1.86,0.2,287.467,3.7
2022-03-03,0.34860852193247927,0.46009386916583517,1.86,0.2,287.467,3.7
2022-03-04,0.33789559283435544,0.49715835939088604,1.74,0.2,287.467,3.7
2022-03-07,0.2983549696163308,0.607610570424697,1.78,0.2,287.467,3.7
2022-03-08,0.2889511265483069,0.5749938265674421,1.86,0.2,287.467,3.7
2022-03-09,0.32211705682889913,0.5087719298245613,1.94,0.2,287.467,3.7
2022-03-10,0.3164357382903735,0.4539164541283267,1.98,0.2,287.467,3.7
2022-03-11,0.29935144034215133,0.4667654887175291,2.0,0.2,287.467,3.7
2022-03-14,0.28969677977528563,0.4919693533817485,2.14,0.2,287.467,3.7
2022-03-15,0.31734245865817456,0.4440325994943005,2.15,0.2,287.467,3.7
2022-03-16,0.34686624688480117,0.36595007719058825,2.19,0.2,287.467,3.7
2022-03-17,0.3635173558154454,0.3412404170405543,2.2,0.2,287.467,3.7
2022-03-18,0.3794382231967506,0.29676304762246786,2.14,0.2,287.467,3.7
2022-03-21,0.3788379232431971,0.28836175940106146,2.32,0.2,287.467,3.7
2022-03-22,0.39444300232776763,0.2737830561421465,2.38,0.2,287.467,3.7
2022-03-23,0.3773092963541711,0.2893501212994958,2.32,0.2,287.467,3.7
2022-03-24,0.39708882475079155,0.24240177644041871,2.34,0.2,287.467,3.7
2022-03-25,0.4041750234725894,0.2211514536298098,2.48,0.2,287.467,3.7
2022-03-28,0.4142195088268117,0.19199404711197998,2.46,0.2,287.467,3.7
2022-03-29,0.4315730578490917,0.17395600651363996,2.41,0.2,287.467,3.7
2022-03-30,0.42255284467839305,0.1845811679189444,2.35,0.2,287.467,3.7
2022-03-31,0.4002606084469893,0.21497403859230135,2.32,0.2,287.467,3.7
2022-04-01,0.4050414015077455,0.19199404711197998,2.39,0.33,288.582,3.7
2022-04-04,0.4164227743497706,0.16580182054932624,2.42,0.33,288.582,3.7
2022-04-05,0.39862364652984916,0.22658760902597663,2.54,0.33,288.582,3.7
2022-04-06,0.38501740159719366,0.25302693784572305,2.61,0.33,288.582,3.7
2022-04-07,0.39091539019194776,0.23943659648524251,2.66,0.33,288.582,3.7
2022-04-08,0.3872236890177292,0.229799844108309,2.72,0.33,288.582,3.7
2022-04-11,0.36378343389704804,0.3091178776974849,2.79,0.33,288.582,3.7
2022-04-12,0.35911717075443783,0.3063997999994015,2.72,0.33,288.582,3.7
2022-04-13,0.3743230571691649,0.24610821603693644,2.7,0.33,288.582,3.7
2022-04-14,0.3576131723306595,0.2678527433617307,2.83,0.33,288.582,3.7
2022-04-18,0.3573347044689936,0.25475660651543564,2.85,0.33,288.582,3.7
2022-04-19,0.3791565823426293,0.23498889724738314,2.93,0.33,288.582,3.7
2022-04-20,0.3783025940875364,0.20904372581188557,2.85,0.33,288.582,3.7
2022-04-21,0.35794437230503395,0.26735853884754535,2.9,0.33,288.582,3.7
2022-04-22,0.320229428507796,0.40400292931407344,2.9,0.33,288.582,3.7
2022-04-25,0.32776135712211385,0.37459846766908744,2.81,0.33,288.582,3.7
2022-04-26,0.29034361695151567,0.5352112586443079,2.77,0.33,288.582,3.7
2022-04-27,0.29305425907755356,0.4877687092710452,2.82,0.33,288.582,3.7
2022-04-28,0.3250939281314187,0.4479861413479109,2.85,0.33,288.582,3.7
2022-04-29,0.27695404207508867,0.5322461258190682,2.89,0.33,288.582,3.7
2022-05-02,0.2842103736304382,0.5060538521264779,2.99,0.33,288.582,3.7
2022-05-03,0.2904301943170797,0.4297009984924782,2.97,0.33,288.582,3.7
2022-05-04,0.32901453804705016,0.33506300200304584,2.93,0.33,288.582,3.7
2022-05-05,0.2815770920823564,0.477884854637019,3.05,0.33,288.582,3.7
2022-05-06,0.2742958298720013,0.4529280922298924,3.12,0.33,288.582,3.7
2022-05-09,0.23341854580849208,0.5656041293176648,3.05,0.33,288.582,3.7
2022-05-10,0.2364541930188726,0.5221151689279492,2.99,0.33,288.582,3.7
2022-05-11,0.21607119167624345,0.5114900075226447,2.91,0.33,288.582,3.7
2022-05-12,0.2144930812144039,0.4919693533817485,2.84,0.33,288.582,3.7
2022-05-13,0.24352180707057536,0.4203113483726374,2.93,0.33,288.582,3.7
2022-05-16,0.23860789942157856,0.38571778645864074,2.88,0.33,288.582,3.7
2022-05-17,0.26362324310652263,0.35186557844585875,2.98,0.33,288.582,3.7
2022-05-18,0.21251260509026548,0.47195449472666673,2.89,0.33,288.582,3.7
2022-05-19,0.20542950381348346,0.43217197393346896,2.84,0.33,288.582,3.7
2022-05-20,0.20560590708450643,0.4341487448602742,2.78,0.33,288.582,3.7
2022-05-23,0.2280064027965849,0.4106745488657674,2.86,0.33,288.582,3.7
2022-05-24,0.21802069335022356,0.4346429493744597,2.76,0.33,288.582,3.7
2022-05-25,0.22954741946567392,0.4079565182976205,2.75,0.33,288.582,3.7
2022-05-26,0.25402743399495753,0.3864590932299189,2.75,0.33,288.582,3.7
2022-05-27,0.285095487430568,0.3424758811960814,2.74,0.33,288.582,3.7
2022-05-31,0.27702203477055787,0.3540894516297567,2.85,0.33,288.582,3.7
2022-06-01,0.26745410266413505,0.34173462155473977,2.94,1.21,295.072,3.6
2022-06-02,0.29084479866456303,0.31776622104604746,2.92,1.21,295.072,3.6
2022-06-03,0.26971614409495515,0.31949593684569655,2.96,1.21,295.072,3.6
2022-06-06,0.2737048978009349,0.32641461152454665,3.04,1.21,295.072,3.6
2022-06-07,0.2858505085400336,0.3004694872189857,2.98,1.21,295.072,3.6
2022-06-08,0.27195340596564876,0.2989868736764294,3.03,1.21,295.072,3.6
2022-06-09,0.24164354663195908,0.35161847618876607,3.04,1.21,295.072,3.6
2022-06-10,0.20545118592859435,0.39263650826742735,3.15,1.21,295.072,3.6
2022-06-13,0.1586541556077805,0.5475660887193248,3.43,1.21,295.072,3.6
2022-06-14,0.1542755771144444,0.5147021954750406,3.49,1.21,295.072,3.6
2022-06-15,0.1711432805538775,0.4388435934851629,3.33,1.21,295.072,3.6
2022-06-16,0.1330138079565959,0.5211267598995784,3.28,1.21,295.072,3.6
2022-06-17,0.13551102856629993,0.47615513883736993,3.25,1.21,295.072,3.6
2022-06-21,0.16334534940539625,0.4529280922298924,3.31,1.21,295.072,3.6
2022-06-22,0.16182903674899407,0.42228811929944265,3.16,1.21,295.072,3.6
2022-06-23,0.17291947640185068,0.4247590476104969,3.09,1.21,295.072,3.6
2022-06-24,0.2088178820184703,0.37978747367822496,3.13,1.21,295.072,3.6
2022-06-27,0.20521910419472622,0.37286879899937486,3.2,1.21,295.072,3.6
2022-06-28,0.18090929804643374,0.4077094160405277,3.2,1.21,295.072,3.6
2022-06-29,0.1800676240239647,0.40276746515854633,3.1,1.21,295.072,3.6
2022-06-30,0.16971671825549461,0.4163577593890905,2.98,1.21,295.072,3.6
2022-07-01,0.1820789990508218,0.3666913839618664,2.88,1.68,294.94,3.5
2022-07-05,0.1839541620444225,0.38744750225828983,2.82,1.68,294.94,3.5
2022-07-06,0.18819048470934918,0.36743264360320804,2.93,1.68,294.94,3.5
2022-07-07,0.20599580741930246,0.3513713739316733,3.01,1.68,294.94,3.5
2022-07-08,0.2049931418034503,0.3157894501192423,3.09,1.68,294.94,3.5
2022-07-11,0.19108372499644166,0.3535952471155712,2.99,1.68,294.94,3.5
2022-07-12,0.18005833168891727,0.38127008722078126,2.96,1.68,294.94,3.5
2022-07-13,0.17479161749787475,0.369656516787106,2.91,1.68,294.94,3.5
2022-07-14,0.17126392981461547,0.3592784576388943,2.96,1.68,294.94,3.5
2022-07-15,0.19378515033487154,0.3056584932281232,2.93,1.68,294.94,3.5
2022-07-18,0.18378712665588637,0.33209782204786975,2.96,1.68,294.94,3.5
2022-07-19,0.2165384525889955,0.31233011277981715,3.01,1.68,294.94,3.5
2022-07-20,0.22372059655884424,0.29701010274962414,3.04,1.68,294.94,3.5
2022-07-21,0.23580433394506595,0.2779837002528497,2.91,1.68,294.94,3.5
2022-07-22,0.22425592571450492,0.2760069293260444,2.77,1.68,294.94,3.5
2022-07-25,0.225868183618958,0.28416111529035815,2.81,1.68,294.94,3.5
2022-07-26,0.21169880807293895,0.3170249614047058,2.81,1.68,294.94,3.5
2022-07-27,0.2434352297050113,0.28119593533518206,2.78,1.68,294.94,3.5
2022-07-28,0.2585421489741111,0.25871014836904616,2.68,1.68,294.94,3.5
2022-07-29,0.27644651437713086,0.2340004882190122,2.67,1.68,294.94,3.5
2022-08-01,0.27283836867089994,0.27131208070115587,2.6,2.33,295.162,3.6
2022-08-02,0.2643472897658301,0.29824561403508765,2.75,2.33,295.162,3.6
2022-08-03,0.2841454028325454,0.24932049824920532,2.73,2.33,295.162,3.6
2022-08-04,0.2831459102091485,0.2367185659170956,2.68,2.33,295.162,3.6
2022-08-05,0.2810571746043353,0.22955274185121632,2.83,2.33,295.162,3.6
2022-08-08,0.27946977180744814,0.23301212632057788,2.77,2.33,295.162,3.6
2022-08-09,0.2740267298928223,0.24487275188140933,2.8,2.33,295.162,3.6
2022-08-10,0.3011864876454249,0.1947121248100634,2.78,2.33,295.162,3.6
2022-08-11,0.3002673774975604,0.206078592986646,2.87,2.33,295.162,3.6
2022-08-12,0.32281949692053513,0.18952311880092582,2.84,2.33,295.162,3.6
2022-08-15,0.32807699432396964,0.19990117794913748,2.79,2.33,295.162,3.6
2022-08-16,0.3305711174886581,0.19347666065453628,2.82,2.33,295.162,3.6
2022-08-17,0.3209288467018556,0.1986656666636739,2.89,2.33,295.162,3.6
2022-08-18,0.32393049756450165,0.19026437844226746,2.88,2.33,295.162,3.6
2022-08-19,0.3068306368437608,0.21596244762067218,2.98,2.33,295.162,3.6
2022-08-22,0.27882928061612855,0.2950333318228189,3.03,2.33,295.162,3.6
2022-08-23,0.27596376623929975,0.3026933604028835,3.05,2.33,295.162,3.6
2022-08-24,0.27968946376125303,0.2708178761869704,3.11,2.33,295.162,3.6
2022-08-25,0.2977454528751693,0.24511985413850212,3.03,2.33,295.162,3.6
2022-08-26,0.25397167998467296,0.3385223393424709,3.04,2.33,295.162,3.6
2022-08-29,0.2456013258877805,0.35458360901400565,3.12,2.33,295.162,3.6
2022-08-30,0.23184655468924453,0.35458360901400565,3.11,2.33,295.162,3.6
2022-08-31,0.22220435944988148,0.34618236792253565,3.15,2.33,295.162,3.6
2022-09-01,0.2258712810639738,0.3385223393424709,3.26,2.56,296.421,3.5
2022-09-02,0.21269210580630404,0.33629846615857295,3.2,2.56,296.421,3.5
2022-09-06,0.20771934670200665,0.37188038997100403,3.33,2.56,296.421,3.5
2022-09-07,0.22990022600771964,0.3157894501192423,3.27,2.56,296.421,3.5
2022-09-08,0.23804159581575957,0.2903385303278666,3.29,2.56,296.421,3.5
2022-09-09,0.25697333084731877,0.27007661654562876,3.33,2.56,296.421,3.5
2022-09-12,0.2702948374808374,0.29676304762246786,3.37,2.56,296.421,3.5
2022-09-13,0.21530068334169883,0.3807758827065959,3.42,2.56,296.421,3.5
2022-09-14,0.21942247608847976,0.35334814485847854,3.41,2.56,296.421,3.5
2022-09-15,0.20560280963949062,0.35606622255656195,3.45,2.56,296.421,3.5
2022-09-16,0.196932230018382,0.3568074821979036,3.45,2.56,296.421,3.5
2022-09-19,0.2051509604043782,0.34346429022445224,3.49,2.56,296.421,3.5
2022-09-20,0.19154788846417792,0.3780578050085125,3.57,2.56,296.421,3.5
2022-09-21,0.17112469588378265,0.39856682104784313,3.51,2.56,296.421,3.5
2022-09-22,0.16124112657550405,0.38275265363340116,3.7,2.56,296.421,3.5
2022-09-23,0.14120163943987296,0.44625647267819846,3.69,2.56,296.421,3.5
2022-09-26,0.1293840556826935,0.5040770340697363,3.88,2.56,296.421,3.5
2022-09-27,0.1269858777660562,0.5124783222911427,3.97,2.56,296.421,3.5
2022-09-28,0.14918836363944044,0.4526809899727996,3.72,2.56,296.421,3.5
2022-09-29,0.12487546004613215,0.493699022051461,3.76,2.56,296.421,3.5
2022-09-30,0.10790259457104012,0.4882629137852307,3.83,2.56,296.421,3.5
2022-10-03,0.1366218781153874,0.45070421904599434,3.67,2.56,296.421,3.5
2022-10-04,0.17143413819560682,0.42525325212468235,3.62,2.56,296.421,3.5
2022-10-05,0.1690669347291276,0.41240421753547996,3.76,2.56,296.421,3.5
2022-10-06,0.15707294770092517,0.4610822781942061,3.83,2.56,296.421,3.5
2022-10-07,0.12462479364216916,0.48183839649062943,3.89,2.56,296.421,3.5
2022-10-10,0.11618629575492889,0.5087719298245613,3.89,2.56,296.421,3.5
2022-10-11,0.10889898974942103,0.5379293363423913,3.93,2.56,296.421,3.5
2022-10-12,0.10524445791539216,0.536446722799835,3.91,2.56,296.421,3.5
2022-10-13,0.13398542357485033,0.4961699974924517,3.97,2.56,296.421,3.5
2022-10-14,0.10711350156640043,0.498146768419257,4.0,2.56,296.421,3.5
2022-10-17,0.13647335184950693,0.4820854987477222,4.02,2.56,296.421,3.5
2022-10-18,0.14947922128116975,0.46058807368002064,4.01,2.56,296.421,3.5
2022-10-19,0.14179884194841064,0.4670125909746219,4.14,2.56,296.421,3.5
2022-10-20,0.13270746308978754,0.44773903909081825,4.24,2.56,296.421,3.5
2022-10-21,0.15961965188344296,0.44057326215487536,4.21,2.56,296.421,3.5
2022-10-24,0.17341771176476084,0.4445268040084859,4.25,2.56,296.421,3.5
2022-10-25,0.19253196940993522,0.4101803443515819,4.1,2.56,296.421,3.5
2022-10-26,0.18370976607793033,0.3810229849636886,4.04,2.56,296.421,3.5
2022-10-27,0.1764997451029393,0.3837410155318356,3.96,2.56,296.421,3.5
2022-10-28,0.20551305928147134,0.34321718796735956,4.02,2.56,296.421,3.5
2022-10-31,0.1965144526784437,0.34642942304969193,4.1,2.56,296.421,3.5
2022-11-01,0.1916005450294469,0.34469975437997935,4.07,3.78,298.708,3.6
2022-11-02,0.1617671633961173,0.34593526566544286,4.1,3.78,298.708,3.6
2022-11-03,0.14945134427602724,0.33209782204786975,4.14,3.78,298.708,3.6
2022-11-04,0.16512774014340104,0.31356557693534426,4.17,3.78,298.708,3.6
2022-11-07,0.17634502394702722,0.3086236731832994,4.22,3.78,298.708,3.6
2022-11-08,0.1829392577433857,0.33802818195822193,4.14,3.78,298.708,3.6
2022-11-09,0.1583262041733009,0.35161847618876607,4.12,3.78,298.708,3.6
2022-11-10,0.22262833167985163,0.28836175940106146,3.82,3.78,298.708,3.6
2022-11-11,0.2339414851840893,0.2634049969939348,3.82,3.78,298.708,3.6
2022-11-14,0.22290060465148587,0.2933036631531063,3.88,3.78,298.708,3.6
2022-11-15,0.23357016951938836,0.3133185218081881,3.8,3.78,298.708,3.6
2022-11-16,0.22337715789928558,0.3026933604028835,3.67,3.78,298.708,3.6
2022-11-17,0.2195926844694711,0.29824561403508765,3.77,3.78,298.708,3.6
2022-11-18,0.22540402015122174,0.2782308025099425,3.82,3.78,298.708,3.6
2022-11-21,0.22063856322066577,0.2594514551403242,3.83,3.78,298.708,3.6
2022-11-22,0.23723709113348046,0.23301212632057788,3.76,3.78,298.708,3.6
2022-11-23,0.24456466392419385,0.20978503258316372,3.71,3.78,298.708,3.6
2022-11-25,0.24421193292958754,0.21349147217968156,3.68,3.78,298.708,3.6
2022-11-28,0.22497075558620416,0.25574496841386996,3.69,3.78,298.708,3.6
2022-11-29,0.22301815646720824,0.24783788470664914,3.75,3.78,298.708,3.6
2022-11-30,0.26091872032307695,0.21546824310648682,3.68,3.78,298.708,3.6
2022-12-01,0.2598232824516291,0.19718310025105407,3.53,4.1,298.808,3.5
2022-12-02,0.2583162621302746,0.17790954836725048,3.51,4.1,298.808,3.5
2022-12-05,0.23577033759733146,0.21966888721719002,3.6,4.1,298.808,3.5
2022-12-06,0.21795262510731495,0.25475660651543564,3.51,4.1,298.808,3.5
2022-12-07,0.21568129134144742,0.26735853884754535,3.42,4.1,298.808,3.5
2022-12-08,0.22483771654540297,0.2577217864706117,3.48,4.1,298.808,3.5
2022-12-09,0.21582362271729627,0.2710649784440631,3.57,4.1,298.808,3.5
2022-12-12,0.23320814618973462,0.3246849428548342,3.61,4.1,298.808,3.5
2022-12-13,0.24220977469033844,0.26414625663527647,3.51,4.1,298.808,3.5
2022-12-14,0.23468109461591524,0.22930563959412364,3.49,4.1,298.808,3.5
2022-12-15,0.20386990247429937,0.2710649784440631,3.44,4.1,298.808,3.5
2022-12-16,0.19044323380512207,0.26587597243492544,3.48,4.1,298.808,3.5
2022-12-19,0.17970552514687177,0.2609340215529441,3.57,4.1,298.808,3.5
2022-12-20,0.1809309801615444,0.23770692781553004,3.69,4.1,298.808,3.5
2022-12-21,0.19851343792523757,0.2028663107743771,3.68,4.1,298.808,3.5
2022-12-22,0.18116918123800496,0.24981465563345429,3.67,4.1,298.808,3.5
2022-12-23,0.18811002668637733,0.2226340671723661,3.75,4.1,298.808,3.5
2022-12-27,0.18329198873799202,0.24190757192623324,3.84,4.1,298.808,3.5
2022-12-28,0.16904835005903274,0.2540152997441576,3.88,4.1,298.808,3.5
2022-12-29,0.18949012730952286,0.2367185659170956,3.83,4.1,298.808,3.5
2022-12-30,0.18646377243418977,0.24240177644041871,3.88,4.1,298.808,3.5
2023-01-03,0.18171070528369726,0.27279464711377566,3.79,4.1,298.808,3.5
2023-01-04,0.19063195130876864,0.2508030646618251,3.69,4.1,298.808,3.5
2023-01-05,0.17674731406188648,0.2619223834513785,3.71,4.1,298.808,3.5
2023-01-06,0.20366260030055794,0.22905853733703085,3.55,4.1,298.808,3.5
2023-01-09,0.20273737081010124,0.24981465563345429,3.53,4.1,298.808,3.5
2023-01-10,0.21114179680216738,0.21546824310648682,3.61,4.1,298.808,3.5
2023-01-11,0.22672534486650608,0.22807017543859642,3.54,4.1,298.808,3.5
2023-01-12,0.23092132519878783,0.17222633784392744,3.43,4.1,298.808,3.5
2023-01-13,0.2358476981752875,0.16036571228309593,3.49,4.1,298.808,3.5
2023-01-17,0.2333349903405042,0.1853224746902225,3.53,4.1,298.808,3.5
2023-01-18,0.21411557065967113,0.20953793032607104,3.37,4.1,298.808,3.5
2023-01-19,0.2048292038599302,0.21398567669386703,3.39,4.1,298.808,3.5
2023-01-20,0.2276536718019786,0.1974302025081468,3.48,4.1,298.808,3.5
2023-01-23,0.24225933381059161,0.19644179347977592,3.52,4.1,298.808,3.5
2023-01-24,0.24137429555790124,0.18136893283661204,3.46,4.1,298.808,3.5
2023-01-25,0.24114840871406473,0.17840375288143595,3.46,4.1,298.808,3.5
2023-01-26,0.25482884123222105,0.16975536240293676,3.49,4.1,298.808,3.5
2023-01-27,0.2579635311356683,0.16431925413670645,3.52,4.1,298.808,3.5
2023-01-30,0.24162805940688004,0.1996540756920448,3.55,4.1,298.808,3.5
2023-01-31,0.25983257478667654,0.18631083658865694,3.52,4.1,298.808,3.5
2023-02-01,0.2730178693869385,0.14850508672226442,3.39,4.57,301.476,3.6
2023-02-02,0.29175454092994046,0.16975536240293676,3.4,4.57,301.476,3.6
2023-02-03,0.27836194415593707,0.15987150776891051,3.53,4.57,301.476,3.6
2023-02-06,0.2705021396545788,0.18705214335993509,3.63,4.57,301.476,3.6
2023-02-07,0.2868778026211334,0.16802569373322424,3.67,4.57,301.476,3.6
2023-02-08,0.2726000920470002,0.19199404711197998,3.63,4.57,301.476,3.6
2023-02-09,0.2613488118956393,0.2186804781888192,3.67,4.57,301.476,3.6
2023-02-10,0.2641214029219936,0.2142327789509597,3.74,4.57,301.476,3.6
2023-02-13,0.27861261055990005,0.20953793032607104,3.72,4.57,301.476,3.6
2023-02-14,0.27825360912782293,0.1742031087707327,3.77,4.57,301.476,3.6
2023-02-15,0.2818029789261929,0.15740053232791978,3.81,4.57,301.476,3.6
2023-02-16,0.26410591569691455,0.2053372862153678,3.86,4.57,301.476,3.6
2023-02-17,0.26060308312122116,0.20163084661885,3.82,4.57,301.476,3.6
2023-02-21,0.2353061741295952,0.272053387472434,3.95,4.57,301.476,3.6
2023-02-22,0.2333597699006309,0.2577217864706117,3.93,4.57,301.476,3.6
2023-02-23,0.23994161391692614,0.22930563959412364,3.88,4.57,301.476,3.6
2023-02-24,0.2268583839073075,0.24240177644041871,3.95,4.57,301.476,3.6
2023-02-27,0.23063356500207455,0.22461083809917137,3.92,4.57,301.476,3.6
2023-02-28,0.226892380255042,0.2184334230616629,3.92,4.57,301.476,3.6
2023-03-01,0.22108723946332298,0.21546824310648682,4.01,4.65,301.643,3.5
2023-03-02,0.23035819458542428,0.1910056852135456,4.08,4.65,301.643,3.5
2023-03-03,0.25025217735275107,0.16382504962252098,3.97,4.65,301.643,3.5
2023-03-06,0.2511124360453152,0.16679022957769707,3.98,4.65,301.643,3.5
2023-03-07,0.23191160103457675,0.1910056852135456,3.97,4.65,301.643,3.5
2023-03-08,0.23365682243239183,0.179145059652714,3.98,4.65,301.643,3.5
2023-03-09,0.2108540366054541,0.26562887017783265,3.93,4.65,301.643,3.5
2023-03-10,0.1932993802994638,0.3197429919728527,3.7,4.65,301.643,3.5
2023-03-13,0.19149530744634835,0.3622436375940704,3.55,4.65,301.643,3.5
2023-03-14,0.21115418658223084,0.2933036631531063,3.64,4.65,301.643,3.5
2023-03-15,0.20268781168984806,0.3528539403442932,3.51,4.65,301.643,3.5
2023-03-16,0.22383822392200603,0.2750185202976736,3.56,4.65,301.643,3.5
2023-03-17,0.21033411912743305,0.3372868751869438,3.39,4.65,301.643,3.5
2023-03-20,0.22114299347360777,0.30368172230131807,3.47,4.65,301.643,3.5
2023-03-21,0.23701739917967557,0.23523595237453931,3.59,4.65,301.643,3.5
2023-03-22,0.21662510550199898,0.2569804796993336,3.48,4.65,301.643,3.5
2023-03-23,0.220261052665933,0.26562887017783265,3.38,4.65,301.643,3.5
2023-03-24,0.22715233899405263,0.24413144511013118,3.38,4.65,301.643,3.5
2023-03-27,0.22917610380097297,0.21596244762067218,3.53,4.65,301.643,3.5
2023-03-28,0.2272389919070561,0.20039533533338644,3.55,4.65,301.643,3.5
2023-03-29,0.24473487230518498,0.17939216190980684,3.57,4.65,301.643,3.5
2023-03-30,0.2518582403671725,0.1769211864688161,3.55,4.65,301.643,3.5
2023-03-31,0.2699544207188549,0.16901410276159512,3.48,4.65,301.643,3.5
2023-04-03,0.27465785320165503,0.16530761603514083,3.43,4.65,301.643,3.5
2023-04-04,0.26725919027045664,0.1764269819546307,3.35,4.65,301.643,3.5
2023-04-05,0.2640966233618671,0.17840375288143595,3.3,4.65,301.643,3.5
2023-04-06,0.26862690111353893,0.16160117643862304,3.3,4.65,301.643,3.5
2023-04-10,0.2698924718185387,0.17568567518335254,3.41,4.65,301.643,3.5
2023-04-11,0.26983989080070914,0.17889795739562137,3.43,4.65,301.643,3.5
2023-04-12,0.26458246894471404,0.17865085513852863,3.41,4.65,301.643,3.5
2023-04-13,0.28137598479864634,0.1467753709226154,3.45,4.65,301.643,3.5
2023-04-14,0.2787209455880144,0.12873733032427537,3.52,4.65,301.643,3.5
2023-04-17,0.28295401971304646,0.1257721974990358,3.6,4.65,301.643,3.5
2023-04-18,0.28405263057694974,0.12280701754385964,3.58,4.65,301.643,3.5
2023-04-19,0.2839442955488354,0.11366442255117504,3.6,4.65,301.643,3.5
2023-04-20,0.2762917932212188,0.1312083057652661,3.54,4.65,301.643,3.5
2023-04-21,0.2774460070005278,0.1213244511312398,3.57,4.65,301.643,3.5
2023-04-24,0.278535249981944,0.12428958395647943,3.52,4.65,301.643,3.5
2023-04-25,0.2582945800151637,0.1704966691742149,3.4,4.65,301.643,3.5
2023-04-26,0.25345493549910714,0.17247344010102017,3.43,4.65,301.643,3.5
2023-04-27,0.2780123106063468,0.127748968425841,3.53,4.65,301.643,3.5
2023-04-28,0.2885735404461347,0.09686186967333038,3.44,4.65,301.643,3.5
2023-05-01,0.28807538063066396,0.1042747724313342,3.59,5.06,303.316,3.6
2023-05-02,0.27313239930508426,0.14628121353836643,3.44,5.06,303.316,3.6
2023-05-03,0.2642111532800129,0.1601186100260032,3.38,5.06,303.316,3.6
2023-05-04,0.2550733127461524,0.20336051528856258,3.37,5.06,303.316,3.6
2023-05-05,0.27829077846801265,0.1317025102794515,3.44,5.06,303.316,3.6
2023-05-08,0.2788694718538949,0.12651345714037743,3.52,5.06,303.316,3.6
2023-05-09,0.27300547960687527,0.1445514977387174,3.53,5.06,303.316,3.6
2023-05-10,0.2787209455880144,0.12552509524194305,3.43,5.06,303.316,3.6
2023-05-11,0.2765486545152136,0.12527799298485032,3.39,5.06,303.316,3.6
2023-05-12,0.27452488970829303,0.127748968425841,3.46,5.06,303.316,3.6
2023-05-15,0.27829999525562066,0.129972841609739,3.5,5.06,303.316,3.6
2023-05-16,0.27013694333247007,0.15147021954750406,3.54,5.06,303.316,3.6
2023-05-17,0.2852594253740881,0.12379542657223053,3.57,5.06,303.316,3.6
2023-05-18,0.29741425290079504,0.10353346566005606,3.65,5.06,303.316,3.6
2023-05-19,0.29553599246217854,0.12231281302967417,3.7,5.06,303.316,3.6
2023-05-22,0.2957370997458886,0.13219666766370047,3.72,5.06,303.316,3.6
2023-05-23,0.2811778994125127,0.16481345865089186,3.7,5.06,303.316,3.6
2023-05-24,0.27178946802212867,0.20187794887594274,3.73,5.06,303.316,3.6
2023-05-25,0.2829416299329832,0.17988631929405585,3.83,5.06,303.316,3.6
2023-05-26,0.29970424688419683,0.15048185764906968,3.8,5.06,303.316,3.6
2023-05-30,0.2997258534518681,0.13837408270120893,3.69,5.06,303.316,3.6
2023-05-31,0.29177629859249077,0.15023475539197695,3.64,5.06,303.316,3.6
2023-06-01,0.30452220928514295,0.09364961102602976,3.61,5.08,304.099,3.6
2023-06-02,0.3235065253345315,0.0677044867204688,3.69,5.08,304.099,3.6
2023-06-05,0.3208514861238996,0.07091672180280112,3.69,5.08,304.099,3.6
2023-06-06,0.32396449391223614,0.05189029574105852,3.7,5.08,304.099,3.6
2023-06-07,0.3189112767849669,0.05139609122687305,3.79,5.08,304.099,3.6
2023-06-08,0.3270836965906043,0.04423029072596191,3.73,5.08,304.099,3.6
2023-06-09,0.3286091504871751,0.04867803709375795,3.75,5.08,304.099,3.6
2023-06-12,0.3410086006226922,0.07783544361158773,3.73,5.08,304.099,3.6
2023-06-13,0.350316498442665,0.06795156541259323,3.84,5.08,304.099,3.6
2023-06-14,0.35142432609417606,0.04991352481425326,3.83,5.08,304.099,3.6
2023-06-15,0.3679021291988134,0.06523351127947807,3.72,5.08,304.099,3.6
2023-06-16,0.3628736916316706,0.04151223659284681,3.77,5.08,304.099,3.6
2023-06-20,0.35641257242355273,0.04991352481425326,3.74,5.08,304.099,3.6
2023-06-21,0.3492892043615652,0.03311094837144035,3.72,5.08,304.099,3.6
2023-06-22,0.35430223025106833,0.02594514787052926,3.8,5.08,304.099,3.6
2023-06-23,0.34391732813486353,0.03904126115185608,3.74,5.08,304.099,3.6
2023-06-26,0.337880030061837,0.05905609624196961,3.72,5.08,304.099,3.6
2023-06-27,0.35322537704971535,0.0464541639098599,3.77,5.08,304.099,3.6
2023-06-28,0.3527456508094604,0.038794182459731597,3.71,5.08,304.099,3.6
2023-06-29,0.35880455545015844,0.04151223659284681,3.85,5.08,304.099,3.6
2023-06-30,0.3754958556185688,0.04274772431334212,3.81,5.08,304.099,3.6
2023-07-03,0.37710803797558246,0.04225351979915676,3.86,5.08,304.099,3.6
2023-07-05,0.37439422285708934,0.05732642757225703,3.95,5.08,304.099,3.6
2023-07-06,0.36349257625531894,0.08846058145192393,4.05,5.08,304.099,3.6
2023-07-07,0.3595813342221741,0.07338769724379185,4.06,5.08,304.099,3.6
2023-07-10,0.3628551069615755,0.07931801002420763,4.01,5.08,304.099,3.6
2023-07-11,0.372054820848313,0.07363479950088453,3.99,5.08,304.099,3.6
2023-07-12,0.38223559378323135,0.04151223659284681,3.86,5.08,304.099,3.6
2023-07-13,0.3939572322923601,0.04324190526255933,3.76,5.08,304.099,3.6
2023-07-14,0.3925275725489614,0.03657030927583366,3.83,5.08,304.099,3.6
2023-07-17,0.3979026217681183,0.04002964661525871,3.81,5.08,304.099,3.6
2023-07-18,0.40786355165435295,0.03558192381243103,3.8,5.08,304.099,3.6
2023-07-19,0.4111870346088864,0.04694836842404537,3.75,5.08,304.099,3.6
2023-07-20,0.4016407090701348,0.05263157894736842,3.85,5.08,304.099,3.6
2023-07-21,0.40209550465538424,0.04299482657043491,3.84,5.08,304.099,3.6
2023-07-24,0.4077583896186938,0.05065480802056316,3.86,5.08,304.099,3.6
2023-07-25,0.41172538566212347,0.04941932030006779,3.91,5.08,304.099,3.6
2023-07-26,0.4115056937083186,0.03286384611434762,3.86,5.08,304.099,3.6
2023-07-27,0.4024267046297585,0.06300963809558013,4.01,5.08,304.099,3.6
2023-07-28,0.4162958546515616,0.03632320701874098,3.96,5.08,304.099,3.6
2023-07-31,0.41837839536634314,0.04373610977674475,3.97,5.08,304.099,3.6
2023-08-01,0.41459392193652866,0.05114901253474857,4.05,5.33,306.138,3.7
2023-08-02,0.3949938942559468,0.10452187468842694,4.08,5.33,306.138,3.7
2023-08-03,0.3914353076699688,0.10032123057772363,4.2,5.33,306.138,3.7
2023-08-04,0.38405190532153144,0.12947863709555357,4.05,5.33,306.138,3.7
2023-08-07,0.39655651749270726,0.0966147909812059,4.09,5.33,306.138,3.7
2023-08-08,0.39065852889795316,0.10205089924743621,4.02,5.33,306.138,3.7
2023-08-09,0.3808585150576622,0.10130961604112632,4.0,5.33,306.138,3.7
2023-08-10,0.3812051267096763,0.09859156190801122,4.09,5.33,306.138,3.7
2023-08-11,0.37972590784602467,0.07363479950088453,4.16,5.33,306.138,3.7
2023-08-14,0.3876694189102492,0.07314059498669911,4.19,5.33,306.138,3.7
2023-08-15,0.37162163183073504,0.11366442255117504,4.21,5.33,306.138,3.7
2023-08-16,0.3612460975970171,0.12157155338833253,4.28,5.33,306.138,3.7
2023-08-17,0.3507342757826033,0.14899924410651333,4.3,5.33,306.138,3.7
2023-08-18,0.3505331684988935,0.1344205408475984,4.26,5.33,306.138,3.7
2023-08-21,0.35983502252371347,0.1302198967368952,4.34,5.33,306.138,3.7
2023-08-22,0.3560535709914754,0.1262663548832847,4.34,5.33,306.138,3.7
2023-08-23,0.37104913333488443,0.10180379699034353,4.19,5.33,306.138,3.7
2023-08-24,0.3525755179759087,0.13194961253654425,4.23,5.33,306.138,3.7
2023-08-25,0.36167309172456363,0.0943909177973079,4.25,5.33,306.138,3.7
2023-08-28,0.3702137297498864,0.07956511228130031,4.2,5.33,306.138,3.7
2023-08-29,0.39011700485226086,0.06399802355898271,4.12,5.33,306.138,3.7
2023-08-30,0.3954518628336514,0.04991352481425326,4.12,5.33,306.138,3.7
2023-08-31,0.3932207958529894,0.04225351979915676,4.09,5.33,306.138,3.7
2023-09-01,0.3957303306953175,0.030392894238325197,4.18,5.33,307.374,3.8
2023-09-05,0.3898695114407531,0.05312578346155383,4.27,5.33,307.374,3.8
2023-09-06,0.38016846474608945,0.06399802355898271,4.3,5.33,307.374,3.8
2023-09-07,0.37573111034489215,0.06276253583848734,4.27,5.33,307.374,3.8
2023-09-08,0.3776960992439513,0.04892513935085063,4.26,5.33,307.374,3.8
2023-09-11,0.3869700007161896,0.047936753887448,4.29,5.33,307.374,3.8
2023-09-12,0.3790606370945784,0.05856189172778414,4.27,5.33,307.374,3.8
2023-09-13,0.38077495958967456,0.04002964661525871,4.25,5.33,307.374,3.8
2023-09-14,0.39242860540333413,0.023721274686631322,4.29,5.33,307.374,3.8
2023-09-15,0.37547727094847394,0.04768965163035527,4.33,5.33,307.374,3.8
2023-09-18,0.37647056868183904,0.05287868120446115,4.32,5.33,307.374,3.8
2023-09-19,0.37350623825426177,0.05559673533757631,4.37,5.33,307.374,3.8
2023-09-20,0.36058702173560264,0.08104770225888835,4.35,5.33,307.374,3.8
2023-09-21,0.33824522638394594,0.1403509007579507,4.49,5.33,307.374,3.8
2023-09-22,0.3351693879357991,0.13194961253654425,4.44,5.33,307.374,3.8
2023-09-25,0.34054745905253236,0.12453668621357217,4.55,5.33,307.374,3.8
2023-09-26,0.3207709525534883,0.17494441554201084,4.56,5.33,307.374,3.8
2023-09-27,0.32107419997528086,0.1571534300708271,4.61,5.33,307.374,3.8
2023-09-28,0.32886918477362515,0.1354089498759693,4.59,5.33,307.374,3.8
2023-09-29,0.3252640609649704,0.13985669624376523,4.59,5.33,307.374,3.8
2023-10-02,0.32536937409550815,0.14208056942766323,4.69,5.33,307.374,3.8
2023-10-03,0.30713086236797693,0.19570053383843428,4.81,5.33,307.374,3.8
2023-10-04,0.31774467322559463,0.16604892280641897,4.73,5.33,307.374,3.8
2023-10-05,0.3160241558404666,0.16382504962252098,4.72,5.33,307.374,3.8
2023-10-06,0.33159221667972627,0.1381270275740527,4.78,5.33,307.374,3.8
2023-10-09,0.33999671821923205,0.14430444261156117,4.78,5.33,307.374,3.8
2023-10-10,0.34698394979540237,0.127748968425841,4.66,5.33,307.374,3.8
2023-10-11,0.35277360336204233,0.10452187468842694,4.58,5.33,307.374,3.8
2023-10-12,0.34431334781225176,0.11934768020443459,4.7,5.33,307.374,3.8
2023-10-13,0.33755819796994957,0.18433406566185168,4.63,5.33,307.374,3.8
2023-10-16,0.3517461581860637,0.13219666766370047,4.71,5.33,307.374,3.8
2023-10-17,0.3516131946927017,0.14875214184942065,4.83,5.33,307.374,3.8
2023-10-18,0.3334798450008294,0.181863090220861,4.91,5.33,307.374,3.8
2023-10-19,0.32215422616908906,0.23573015688872478,4.98,5.33,307.374,3.8
2023-10-20,0.3054939004508368,0.24339013833885303,4.93,5.33,307.374,3.8
2023-10-23,0.3032906349278779,0.2102792370973492,4.86,5.33,307.374,3.8
2023-10-24,0.3127719896687364,0.17568567518335254,4.83,5.33,307.374,3.8
2023-10-25,0.2939238101051649,0.20583149072955326,4.95,5.33,307.374,3.8
2023-10-26,0.2785940258898052,0.21793921854747744,4.86,5.33,307.374,3.8
2023-10-27,0.27244854388354334,0.2325179218063924,4.84,5.33,307.374,3.8
2023-10-30,0.2877503755463213,0.19495922706715613,4.88,5.33,307.374,3.8
2023-10-31,0.2960991230755423,0.1551766591440219,4.88,5.33,307.374,3.8
2023-11-01,0.3097331694659007,0.12379542657223053,4.77,5.33,308.087,3.7
2023-11-02,0.33446377485170786,0.09389671328312249,4.67,5.33,308.087,3.7
2023-11-03,0.34701477315068163,0.07536446817059705,4.57,5.33,308.087,3.7
2023-11-06,0.34937895471958447,0.0748702872213799,4.67,5.33,308.087,3.7
2023-11-07,0.3532160091672285,0.07289351629457463,4.58,5.33,308.087,3.7
2023-11-08,0.35457752512027896,0.06399802355898271,4.49,5.33,308.087,3.7
2023-11-09,0.343614080713071,0.08475414185540614,4.62,5.33,308.087,3.7
2023-11-10,0.3646221615693801,0.0570793253151643,4.61,5.33,308.087,3.7
2023-11-13,0.3634801864752555,0.07165802857407927,4.63,5.33,308.087,3.7
2023-11-14,0.3895198778911626,0.05683222305807162,4.44,5.33,308.087,3.7
2023-11-15,0.39174157698933776,0.05732642757225703,4.53,5.33,308.087,3.7
2023-11-16,0.393400296569028,0.060785764911682194,4.45,5.33,308.087,3.7
2023-11-17,0.3951888066496252,0.047936753887448,4.44,5.33,308.087,3.7
2023-11-20,0.40551175986551335,0.03829997794554618,4.42,5.33,308.087,3.7
2023-11-21,0.40266800315123463,0.03681741153292645,4.41,5.33,308.087,3.7
2023-11-22,0.40837107935231054,0.02446258145790947,4.42,5.33,308.087,3.7
2023-11-24,0.40921267782734017,0.01482580551600765,4.47,5.33,308.087,3.7
2023-11-27,0.40645564957350433,0.020509016039330696,4.39,5.33,308.087,3.7
2023-11-28,0.40783575019664986,0.020509016039330696,4.34,5.33,308.087,3.7
2023-11-29,0.4065020357013023,0.027674816540241787,4.27,5.33,308.087,3.7
2023-11-30,0.4118305476977824,0.02619225012762194,4.37,5.33,308.087,3.7
2023-12-01,0.4201329090992054,0.01902644962671085,4.22,5.33,308.735,3.8
2023-12-04,0.4124432374313991,0.030145791981232517,4.28,5.33,308.735,3.8
2023-12-05,0.4116388082965592,0.02446258145790947,4.18,5.33,308.735,3.8
2023-12-06,0.40611825470909846,0.027427737848117306,4.12,5.33,308.735,3.8
2023-12-07,0.41733553851272465,0.0296516110320153,4.14,5.33,308.735,3.8
2023-12-08,0.4231469497419147,0.012107751382892495,4.23,5.33,308.735,3.8
2023-12-11,0.42873851792242124,0.01902644962671085,4.23,5.33,308.735,3.8
2023-12-12,0.4353173400411401,0.005189029574105886,4.2,5.33,308.735,3.8
2023-12-13,0.4549327793993616,0.00815418596431372,4.04,5.33,308.735,3.8
2023-12-14,0.4587884185171005,0.01531998646522481,3.92,5.33,308.735,3.8
2023-12-15,0.45867706159140975,0.010378059148211716,3.91,5.33,308.735,3.8
2023-12-18,0.4652898800578633,0.017296780956998326,3.95,5.33,308.735,3.8
2023-12-19,0.4738954888810789,0.016555474185720176,3.93,5.33,308.735,3.8
2023-12-20,0.45222833216335534,0.04472449524014738,3.86,5.33,308.735,3.8
2023-12-21,0.4672053098366693,0.04423029072596191,3.89,5.33,308.735,3.8
2023-12-22,0.46964367899107295,0.028910304260737096,3.9,5.33,308.735,3.8
2023-12-26,0.4758696945677461,0.027921918797334522,3.89,5.33,308.735,3.8
2023-12-27,0.47798320973268593,0.0140845223096977,3.79,5.33,308.735,3.8
2023-12-28,0.47853092866840985,0.01507290777310033,3.84,5.33,308.735,3.8
2023-12-29,0.4743472625687519,0.014578703258914916,3.88,5.33,308.735,3.8
2024-01-02,0.4659923201494993,0.03311094837144035,3.95,5.33,308.735,3.8
2024-01-03,0.454227317410149,0.05386706666786373,3.91,5.33,308.735,3.8
2024-01-04,0.44923604918319615,0.05609093985176172,3.99,5.33,308.735,3.8
2024-01-05,0.45188489350379646,0.03681741153292645,4.05,5.33,308.735,3.8
2024-01-08,0.4724008583397876,0.030145791981232517,4.01,5.33,308.735,3.8
2024-01-09,0.47022237237695497,0.022238708274011476,4.02,5.33,308.735,3.8
2024-01-10,0.47856190311856794,0.020509016039330696,4.04,5.33,308.735,3.8
2024-01-11,0.4775686053852026,0.01433160100182218,3.98,5.33,308.735,3.8
2024-01-12,0.4786794549342903,0.020756118296423376,3.96,5.33,308.735,3.8
2024-01-16,0.47315587944925297,0.04892513935085063,4.07,5.33,308.735,3.8
2024-01-17,0.4648721027179248,0.07239931178038916,4.1,5.33,308.735,3.8
2024-01-18,0.4777851243465523,0.05609093985176172,4.14,5.33,308.735,3.8
2024-01-19,0.49600202950641226,0.03558192381243103,4.15,5.33,308.735,3.8
2024-01-22,0.49928834312075576,0.03286384611434762,4.11,5.33,308.735,3.8
2024-01-23,0.5036731165041237,0.01704967869990559,4.14,5.33,308.735,3.8
2024-01-24,0.5048953229789019,0.031628381958820506,4.18,5.33,308.735,3.8
2024-01-25,0.5128202493730318,0.03928836340894881,4.14,5.33,308.735,3.8
2024-01-26,0.5118331465296981,0.034593538349028397,4.15,5.33,308.735,3.8
2024-01-29,0.5232701222871292,0.04299482657043491,4.08,5.33,308.735,3.8
2024-01-30,0.5223541851317199,0.03582902606952376,4.06,5.33,308.735,3.8
2024-01-31,0.4978091242571041,0.061527071682960344,3.99,5.33,308.735,3.8
2024-02-01,0.5165427739025299,0.04991352481425326,3.87,5.33,311.022,3.9
2024-02-02,0.5327637157131724,0.04917224160794337,4.03,5.33,311.022,3.9
2024-02-05,0.5278745876243018,0.04472449524014738,4.17,5.33,311.022,3.9
2024-02-06,0.5314083946501533,0.0296516110320153,4.09,5.33,311.022,3.9
2024-02-07,0.544042948417115,0.023968376943724057,4.09,5.33,311.022,3.9
2024-02-08,0.5449248892247895,0.02297999148032137,4.15,5.33,311.022,3.9
2024-02-09,0.553805792917216,0.02643935238471462,4.17,5.33,311.022,3.9
2024-02-12,0.5523297470460196,0.05114901253474857,4.17,5.33,311.022,3.9
2024-02-13,0.5310803676682343,0.09859156190801122,4.31,5.33,311.022,3.9
2024-02-14,0.5457634658022428,0.06226835488927018,4.27,5.33,311.022,3.9
2024-02-15,0.5547712891928782,0.05312578346155383,4.24,5.33,311.022,3.9
2024-02-16,0.5472951145888452,0.05880899398487688,4.3,5.33,311.022,3.9
2024-02-20,0.537993260564025,0.08796640050270671,4.27,5.33,311.022,3.9
2024-02-21,0.5399396647929893,0.0859896295759015,4.32,5.33,311.022,3.9
2024-02-22,0.5725022732224518,0.0662218967428807,4.33,5.33,311.022,3.9
2024-02-23,0.5730499921581758,0.04670126616695264,4.26,5.33,311.022,3.9
2024-02-26,0.5670870327655289,0.0464541639098599,4.28,5.33,311.022,3.9
2024-02-27,0.5697638296387109,0.038794182459731597,4.31,5.33,311.022,3.9
2024-02-28,0.5671581984534533,0.04892513935085063,4.27,5.33,311.022,3.9
2024-02-29,0.575361592709249,0.03805287568845345,4.25,5.33,311.022,3.9
2024-03-01,0.5879899515861788,0.030887075187542357,4.19,5.33,312.107,3.9
2024-03-04,0.5860931064774677,0.04027674887235144,4.22,5.33,312.107,3.9
2024-03-05,0.5699091829121361,0.06424512581607544,4.13,5.33,312.107,3.9
2024-03-06,0.5779886793672993,0.06523351127947807,4.11,5.33,312.107,3.9
2024-03-07,0.5942653751882263,0.06375092130189003,4.09,5.33,312.107,3.9
2024-03-08,0.5838464767242872,0.07116382405989385,4.09,5.33,312.107,3.9
2024-03-11,0.5820671834312983,0.08302447318569361,4.1,5.33,312.107,3.9
2024-03-12,0.5998075353433585,0.04892513935085063,4.16,5.33,312.107,3.9
2024-03-13,0.59672550200518,0.04670126616695264,4.19,5.33,312.107,3.9
2024-03-14,0.592136448345647,0.06276253583848734,4.29,5.33,312.107,3.9
2024-03-15,0.5818041272472718,0.06300963809558013,4.31,5.33,312.107,3.9
2024-03-18,0.591808421363728,0.061032867168774874,4.34,5.33,312.107,3.9
2024-03-19,0.6008100498643318,0.04843093483666522,4.3,5.33,312.107,3.9
2024-03-20,0.6150785436508572,0.02915740651782983,4.27,5.33,312.107,3.9
2024-03-21,0.6203111103992862,0.02619225012762194,4.27,5.33,312.107,3.9
2024-03-22,0.6180368302832817,0.0296516110320153,4.22,5.33,312.107,3.9
2024-03-25,0.6130887751916714,0.03286384611434762,4.25,5.33,312.107,3.9
2024-03-26,0.6085678653224862,0.03409933383484298,4.24,5.33,312.107,3.9
2024-03-27,0.622464967896871,0.022732889223228636,4.2,5.33,312.107,3.9
2024-03-28,0.6242782575375947,0.028416123311519936,4.2,5.33,312.107,3.9
2024-04-01,0.6210043337033142,0.04423029072596191,4.33,5.33,313.016,3.9
2024-04-02,0.609257915634059,0.06795156541259323,4.36,5.33,313.016,3.9
2024-04-03,0.6110156023593767,0.061032867168774874,4.36,5.33,313.016,3.9
2024-04-04,0.5911245659421869,0.11094639198302814,4.31,5.33,313.016,3.9
2024-04-05,0.6088029689539307,0.1030393082758071,4.39,5.33,313.016,3.9
2024-04-08,0.608199647102801,0.08228316641441547,4.42,5.33,313.016,3.9
2024-04-09,0.610526659331514,0.07709413684030958,4.36,5.33,313.016,3.9
2024-04-10,0.5952804305841417,0.0973560741875158,4.55,5.33,313.016,3.9
2024-04-11,0.6071691800292458,0.07536446817059705,4.56,5.33,313.016,3.9
2024-04-12,0.583759899358723,0.13466764310469115,4.5,5.33,313.016,3.9
2024-04-15,0.5647012446289548,0.18211019247795374,4.63,5.33,313.016,3.9
2024-04-16,0.5614800529073827,0.16160117643862304,4.67,5.33,313.016,3.9
2024-04-17,0.5524442769641653,0.15690632781373437,4.59,5.33,313.016,3.9
2024-04-18,0.5490126100763966,0.15171732180459674,4.64,5.33,313.016,3.9
2024-04-19,0.5354311447038675,0.16926115788875135,4.62,5.33,313.016,3.9
2024-04-22,0.5488516940304529,0.12552509524194305,4.62,5.33,313.016,3.9
2024-04-23,0.5674026699673846,0.09463799648943239,4.61,5.33,313.016,3.9
2024-04-24,0.5677368918393353,0.10155671829821905,4.65,5.33,313.016,3.9
2024-04-25,0.5605547478694866,0.0867309127822114,4.7,5.33,313.016,3.9
2024-04-26,0.5765034167084948,0.07832962456080494,4.67,5.33,313.016,3.9
2024-04-29,0.5815194644955741,0.06943415539018127,4.63,5.33,313.016,3.9
2024-04-30,0.55661555328376,0.09364961102602976,4.69,5.33,313.016,3.9
2024-05-01,0.5512622617271534,0.08722511729639681,4.63,5.33,313.14,4.0
2024-05-02,0.5654378321632041,0.06968125764727401,4.58,5.33,313.14,4.0
2024-05-03,0.585115220421742,0.04027674887235144,4.5,5.33,313.14,4.0
2024-05-06,0.6015002512707834,0.04027674887235144,4.49,5.33,313.14,4.0
2024-05-07,0.6036539576734894,0.03385223157775025,4.47,5.33,313.14,4.0
2024-05-08,0.6036445897910026,0.0281690210544272,4.48,5.33,313.14,4.0
2024-05-09,0.61181700959664,0.020509016039330696,4.45,5.33,313.14,4.0
2024-05-10,0.6144782436973037,0.01704967869990559,4.5,5.33,313.14,4.0
2024-05-13,0.6140882678150683,0.04299482657043491,4.48,5.33,313.14,4.0
2024-05-14,0.6219048591810838,0.03854708020263886,4.45,5.33,313.14,4.0
2024-05-15,0.6409261934757835,0.014578703258914916,4.36,5.33,313.14,4.0
2024-05-16,0.637506916368078,0.013837420052604965,4.38,5.33,313.14,4.0
2024-05-17,0.6394161512568524,0.00321225864730057,4.42,5.33,313.14,4.0
2024-05-20,0.6409199985857519,0.007165800500911035,4.44,5.33,313.14,4.0
2024-05-21,0.645029477099909,0.0,4.41,5.33,313.14,4.0
2024-05-22,0.6405733869337378,0.010625161405304395,4.43,5.33,313.14,4.0
2024-05-23,0.6284525557547658,0.022485810531104156,4.47,5.33,313.14,4.0
2024-05-24,0.639864903046949,0.0017296922346807242,4.46,5.33,313.14,4.0
2024-05-28,0.6402733125044007,0.02619225012762194,4.54,5.33,313.14,4.0
2024-05-29,0.6281772608855549,0.05979737944827951,4.61,5.33,313.14,4.0
2024-05-30,0.6184390448507016,0.06449222807316818,4.55,5.33,313.14,4.0
2024-05-31,0.6314448387349247,0.02619225012762194,4.51,5.33,313.14,4.0
2024-06-03,0.6332674962581353,0.030887075187542357,4.41,5.33,313.14,4.0
2024-06-04,0.6357244500826338,0.03212256290803772,4.33,5.33,313.14,4.0
2024-06-05,0.6551233704795056,0.01902644962671085,4.29,5.33,313.14,4.0
2024-06-06,0.65479232160001,0.01779096190621554,4.28,5.33,313.14,4.0
2024-06-07,0.652945035611552,0.00889549273559187,4.43,5.33,313.14,4.0
2024-06-10,0.657215279076774,0.021744503759826006,4.47,5.33,313.14,4.0
2024-06-11,0.6617114093858325,0.02446258145790947,4.39,5.33,313.14,4.0
2024-06-12,0.6758560053717251,0.004447746367795935,4.31,5.33,313.14,4.0
2024-06-13,0.6797891561622988,0.0019767709268052602,4.24,5.33,313.14,4.0
2024-06-14,0.679126907308429,0.019767732833020746,4.2,5.33,313.14,4.0
2024-06-17,0.6920089544868984,0.02199160601691874,4.28,5.33,313.14,4.0
2024-06-18,0.6962791979521203,0.01087226366239713,4.22,5.33,313.14,4.0
2024-06-20,0.6919903698168035,0.03508771929824561,4.25,5.33,313.14,4.0
2024-06-21,0.6893446984886582,0.03311094837144035,4.25,5.33,313.14,4.0
2024-06-24,0.6841615397656033,0.03632320701874098,4.25,5.33,313.14,4.0
2024-06-25,0.6907927918072729,0.024215479200816736,4.23,5.33,313.14,4.0
2024-06-26,0.6934540259079367,0.01704967869990559,4.32,5.33,313.14,4.0
2024-06-27,0.6949920206794495,0.009389673684809086,4.29,5.33,313.14,4.0
2024-06-28,0.6880635650111402,0.01433160100182218,4.36,5.33,313.14,4.0
2024-07-01,0.6925844748803252,0.00889549273559187,4.48,5.33,313.566,4.2
2024-07-02,0.7030807339222205,0.0042006441107032,4.43,5.33,313.566,4.2
2024-07-03,0.7117482916457525,0.0056832340882913,4.36,5.33,313.566,4.2
2024-07-05,0.7210841420183072,0.01531998646522481,4.28,5.33,313.566,4.2
2024-07-08,0.7228356338535933,0.012601932332109655,4.28,5.33,313.566,4.2
2024-07-09,0.7241135943386561,0.01606129323650296,4.3,5.33,313.566,4.2
2024-07-10,0.7417301995449626,0.02446258145790947,4.28,5.33,313.566,4.2
2024-07-11,0.7264529963474324,0.02619225012762194,4.2,5.33,313.566,4.2
2024-07-12,0.7359869321061205,0.01482580551600765,4.18,5.33,313.566,4.2
2024-07-15,0.7408978178575409,0.03113417744463509,4.23,5.33,313.566,4.2
2024-07-16,0.7520315461931797,0.03286384611434762,4.17,5.33,313.566,4.2
2024-07-17,0.7276072101267415,0.06473930676529266,4.16,5.33,313.566,4.2
2024-07-18,0.7140907155521052,0.10056833283481637,4.2,5.33,313.566,4.2
2024-07-19,0.7018399427773474,0.11514703609373134,4.25,5.33,313.566,4.2
2024-07-22,0.7202239588731827,0.07536446817059705,4.26,5.33,313.566,4.2
2024-07-23,0.7175411182048477,0.07066964311067664,4.25,5.33,313.566,4.2
2024-07-24,0.6777436336928282,0.15270573083296762,4.28,5.33,313.566,4.2
2024-07-25,0.6691072015143333,0.16308374285124283,4.27,5.33,313.566,4.2
2024-07-26,0.6876365708835936,0.11193475388146251,4.2,5.33,313.566,4.2
2024-07-29,0.6890104766167076,0.1171238070205366,4.17,5.33,313.566,4.2
2024-07-30,0.6806245597472969,0.1440573403544685,4.15,5.33,313.566,4.2
2024-07-31,0.707193234333954,0.11119349424012082,4.09,5.33,313.566,4.2
2024-08-01,0.6837933215459182,0.1662960250635117,3.99,5.33,314.131,4.2
2024-08-02,0.6528119210233112,0.2849023749316999,3.8,5.33,314.131,4.2
2024-08-05,0.6032299854435192,0.6599950235500045,3.78,5.33,314.131,4.2
2024-08-06,0.61984694693155,0.3916480992390565,3.9,5.33,314.131,4.2
2024-08-07,0.607305316515063,0.3951074837084181,3.96,5.33,314.131,4.2
2024-08-08,0.6443796180261026,0.2947862766956626,3.99,5.33,314.131,4.2
2024-08-09,0.6520692896939089,0.2102792370973492,3.94,5.33,314.131,4.2
2024-08-12,0.6521404553818333,0.2186804781888192,3.9,5.33,314.131,4.2
2024-08-13,0.6800026532260721,0.15468250175977288,3.85,5.33,314.131,4.2
2024-08-14,0.6864327979840317,0.10699285012941762,3.83,5.33,314.131,4.2
2024-08-15,0.7136668944170139,0.0832715518778181,3.92,5.33,314.131,4.2
2024-08-16,0.7170799766346878,0.0726464140374819,3.89,5.33,314.131,4.2
2024-08-19,0.7337898614731933,0.0689399508759958,3.86,5.33,314.131,4.2
2024-08-20,0.730345804805361,0.09933284511432106,3.82,5.33,314.131,4.2
2024-08-21,0.7376888648211535,0.10896962105622288,3.79,5.33,314.131,4.2
2024-08-22,0.7221517784320521,0.14059795588510693,3.86,5.33,314.131,4.2
2024-08-23,0.7419467185063122,0.09883864060013564,3.81,5.33,314.131,4.2
2024-08-26,0.7364479225814016,0.10600444110104673,3.82,5.33,314.131,4.2
2024-08-27,0.7392205136077559,0.08821350275979939,3.83,5.33,314.131,4.2
2024-08-28,0.728817177916335,0.12972573935264625,3.84,5.33,314.131,4.2
2024-08-29,0.728749034125987,0.09364961102602976,3.87,5.33,314.131,4.2
2024-08-30,0.7462139400739578,0.07758834135449505,3.91,5.33,314.131,4.2
2024-09-03,0.7092449516934562,0.21892758044591187,3.84,5.33,314.131,4.2
2024-09-04,0.7065031840223814,0.23375338596191952,3.77,5.33,314.131,4.2
2024-09-05,0.7013479778519083,0.1986656666636739,3.73,5.33,314.131,4.2
2024-09-06,0.6719539801261882,0.25994561252457327,3.72,5.33,314.131,4.2
2024-09-09,0.6913343158529652,0.18754634787412056,3.7,5.33,314.131,4.2
2024-09-10,0.6989064357050494,0.17840375288143595,3.65,5.33,314.131,4.2
2024-09-11,0.7170428072944981,0.1440573403544685,3.65,5.33,314.131,4.2
2024-09-12,0.7299248544729675,0.12873733032427537,3.68,5.33,314.131,4.2
2024-09-13,0.7392886573981039,0.11613539799216571,3.66,5.33,314.131,4.2
2024-09-16,0.7414763601485443,0.13046699899398795,3.63,5.33,314.131,4.2
2024-09-17,0.7419375017187042,0.14208056942766323,3.65,5.33,314.131,4.2
2024-09-18,0.7368873064890114,0.15740053232791978,3.7,5.33,314.131,4.2
2024-09-19,0.7664020290229085,0.11045218746884267,3.73,5.33,314.131,4.2
2024-09-20,0.762970211040261,0.10600444110104673,3.73,5.33,314.131,4.2
2024-09-23,0.7679274829194793,0.09957994737141379,3.75,5.33,314.131,4.2
2024-09-24,0.7723711833055873,0.08722511729639681,3.74,5.33,314.131,4.2
2024-09-25,0.7690693069187251,0.08771929824561403,3.79,5.33,314.131,4.2
2024-09-26,0.7762206275332946,0.0867309127822114,3.79,5.33,314.131,4.2
2024-09-27,0.773992582450209,0.12601925262619196,3.75,5.33,314.131,4.2
2024-09-30,0.78151514318204,0.12033604210286891,3.81,5.33,314.131,4.2
2024-10-01,0.7648888138115224,0.18285149924923189,3.74,4.83,315.564,4.1
2024-10-02,0.7651332853254538,0.17395600651363996,3.79,4.83,315.564,4.1
2024-10-03,0.762162608912966,0.21324436992258877,3.85,4.83,315.564,4.1
2024-10-04,0.7779843580537649,0.18161598796376827,3.98,4.83,315.564,4.1
2024-10-07,0.7609248396656694,0.2663701298191745,4.03,4.83,315.564,4.1
2024-10-08,0.77800294272386,0.23622436140291025,4.04,4.83,315.564,4.1
2024-10-09,0.7906622760509479,0.22238696491527332,4.06,4.83,315.564,4.1
2024-10-10,0.7869519902066342,0.224116633584986,4.09,4.83,315.564,4.1
2024-10-11,0.7977762762304486,0.21250306315131062,4.08,4.83,315.564,4.1
2024-10-14,0.8116455773471305,0.19372376291162902,4.08,4.83,315.564,4.1
2024-10-15,0.797847441918373,0.21695080951910672,4.03,4.83,315.564,4.1
2024-10-16,0.8062675062303972,0.19075858295645287,4.02,4.83,315.564,4.1
2024-10-17,0.805958063918573,0.179145059652714,4.09,4.83,315.564,4.1
2024-10-18,0.8131370348959666,0.15245862857587494,4.08,4.83,315.564,4.1
2024-10-21,0.8098291147139516,0.1608599167972814,4.19,4.83,315.564,4.1
2024-10-22,0.8089689315688271,0.15665927268657814,4.2,4.83,315.564,4.1
2024-10-23,0.7923270394257911,0.18235729473504642,4.24,4.83,315.564,4.1
2024-10-24,0.7961764836534984,0.17840375288143595,4.21,4.83,315.564,4.1
2024-10-25,0.7956381326002613,0.20929082806897836,4.25,4.83,315.564,4.1
2024-10-28,0.8004035139833776,0.19619469122268318,4.28,4.83,315.564,4.1
2024-10-29,0.8033122414955491,0.18482827017603715,4.28,4.83,315.564,4.1
2024-10-30,0.7973554769929339,0.20978503258316372,4.29,4.83,315.564,4.1
2024-10-31,0.7638677146204542,0.2792191644083768,4.28,4.83,315.564,4.1
2024-11-01,0.7710930717256455,0.24759078244955623,4.37,4.64,316.449,4.2
2024-11-04,0.7661079983887242,0.25006175789054697,4.31,4.64,316.449,4.2
2024-11-05,0.7877905667840874,0.21324436992258877,4.26,4.64,316.449,4.2
2024-11-06,0.8330558727708595,0.10896962105622288,4.42,4.64,316.449,4.2
2024-11-07,0.8466899191612178,0.08253026867150814,4.31,4.64,316.449,4.2
2024-11-08,0.8536337865071668,0.07610575137690695,4.3,4.64,316.449,4.2
2024-11-11,0.8554316644702507,0.07684705814818515,4.3,4.64,316.449,4.2
2024-11-12,0.8500597882435492,0.07042254085358396,4.43,4.64,316.449,4.2
2024-11-13,0.8504898042686719,0.05337288571864657,4.44,4.64,316.449,4.2
2024-11-14,0.839284910245109,0.06053868621955766,4.43,4.64,316.449,4.2
2024-11-15,0.814978277089272,0.105757338843954,4.43,4.64,316.449,4.2
2024-11-18,0.8220954502612279,0.09191994235631729,4.42,4.64,316.449,4.2
2024-11-19,0.8293239803588746,0.11094639198302814,4.39,4.64,316.449,4.2
2024-11-20,0.8293641715966407,0.13096120350817336,4.41,4.64,316.449,4.2
2024-11-21,0.8391425788692604,0.12379542657223053,4.43,4.64,316.449,4.2
2024-11-22,0.845526337499422,0.08351865413491077,4.41,4.64,316.449,4.2
2024-11-25,0.8511056669947439,0.0677044867204688,4.27,4.64,316.449,4.2
2024-11-26,0.8617070880722983,0.05534965664545188,4.3,4.64,316.449,4.2
2024-11-27,0.8546240623429557,0.05534965664545188,4.25,4.64,316.449,4.2
2024-11-29,0.8650335929244082,0.04077095338653691,4.18,4.64,316.449,4.2
2024-12-02,0.8696040619138463,0.03657030927583366,4.19,4.64,316.449,4.2
2024-12-03,0.8704488333813312,0.03558192381243103,4.23,4.64,316.449,4.2
2024-12-04,0.8817776252055267,0.03928836340894881,4.19,4.64,316.449,4.2
2024-12-05,0.8782560568648599,0.04151223659284681,4.17,4.64,316.449,4.2
2024-12-06,0.8829472506624754,0.022485810531104156,4.15,4.64,316.449,4.2
2024-12-09,0.8713679435291957,0.05757350626438151,4.2,4.64,316.449,4.2
2024-12-10,0.8658165665864554,0.05732642757225703,4.22,4.64,316.449,4.2
2024-12-11,0.8810658172314039,0.04250062205624949,4.26,4.64,316.449,4.2
2024-12-12,0.8708728056113011,0.05090191027765584,4.32,4.64,316.449,4.2
2024-12-13,0.8708232464910481,0.04818385614454074,4.4,4.64,316.449,4.2
2024-12-16,0.8779373977654277,0.06992833633939849,4.39,4.64,316.449,4.2
2024-12-17,0.8706747202251677,0.09908574285722832,4.4,4.64,316.449,4.2
2024-12-18,0.8154548303370714,0.3894242731850951,4.5,4.64,316.449,4.2
2024-12-19,0.8138828392178241,0.30219915588869817,4.57,4.64,316.449,4.2
2024-12-20,0.8336159814866466,0.16061281454018855,4.52,4.64,316.449,4.2
2024-12-23,0.8469899935905552,0.12157155338833253,4.59,4.64,316.449,4.2
2024-12-24,0.8674039693833424,0.05955030075615503,4.59,4.64,316.449,4.2
2024-12-26,0.8666457752814216,0.07091672180280112,4.58,4.64,316.449,4.2
2024-12-27,0.8459905009671582,0.10106251378403358,4.62,4.64,316.449,4.2
2024-12-30,0.8262171674605694,0.13689151628858914,4.55,4.64,316.449,4.2
2024-12-31,0.8183851644169142,0.13565605213306203,4.58,4.64,316.449,4.2
2025-01-02,0.8143376348030735,0.1499876531348842,4.57,4.64,316.449,4.2
2025-01-03,0.8372117374128145,0.10551023658686132,4.6,4.64,316.449,4.2
2025-01-06,0.8473953811504302,0.10328641053289983,4.62,4.64,316.449,4.2
2025-01-07,0.8268638535419208,0.1472695754368008,4.67,4.64,316.449,4.2
2025-01-08,0.8297169781386864,0.14430444261156117,4.67,4.64,316.449,4.2
2025-01-10,0.8014927569647938,0.1897702210580185,4.77,4.64,316.449,4.2
2025-01-13,0.8043334917814962,0.18112183057951936,4.79,4.64,316.449,4.2
2025-01-14,0.8064036427162145,0.16926115788875135,4.78,4.64,316.449,4.2
2025-01-15,0.8395139700814007,0.10526318145970509,4.66,4.64,316.449,4.2
2025-01-16,0.8356241835210485,0.1171238070205366,4.61,4.64,316.449,4.2
2025-01-17,0.8539803981591809,0.10155671829821905,4.61,4.64,316.449,4.2
2025-01-21,0.8702508990900764,0.0790709313320831,4.57,4.64,316.449,4.2
2025-01-22,0.881740455865337,0.08005931679548578,4.6,4.64,316.449,4.2
2025-01-23,0.8917477718793694,0.07808254586868046,4.65,4.64,316.449,4.2
2025-01-24,0.8863418993049332,0.07388190175797732,4.63,4.64,316.449,4.2
2025-01-27,0.8588137722377664,0.14924634636360606,4.53,4.64,316.449,4.2
2025-01-28,0.8759631920787603,0.11242895839564793,4.55,4.64,316.449,4.2
2025-01-29,0.8671780825395059,0.11613539799216571,4.55,4.64,316.449,4.2
2025-01-30,0.877036872287658,0.09834445965091843,4.52,4.64,316.449,4.2
2025-01-31,0.8675555175467993,0.11292316290983334,4.58,4.64,316.449,4.2
2025-02-03,0.8533335609829507,0.16703733183478986,4.54,4.64,316.449,4.2
2025-02-04,0.8667355256394411,0.13219666766370047,4.52,4.64,316.449,4.2
2025-02-05,0.8740383944174672,0.0966147909812059,4.43,4.64,316.449,4.2
2025-02-06,0.8808739267353021,0.08994317142951197,4.45,4.64,316.449,4.2
2025-02-07,0.8630563653401644,0.1156412406079168,4.49,4.64,316.449,4.2
2025-02-10,0.8755732161965248,0.09760317644460853,4.51,4.64,316.449,4.2
2025-02-11,0.876210685490268,0.10279220601871436,4.54,4.64,316.449,4.2
2025-02-12,0.8710956705575612,0.09957994737141379,4.62,4.64,316.449,4.2
2025-02-13,0.8906213595577634,0.08005931679548578,4.52,4.64,316.449,4.2
2025-02-14,0.8904852230719462,0.071905130831172,4.47,4.64,316.449,4.2
2025-02-18,0.8951114460716691,0.08623673183299424,4.55,4.64,316.449,4.2
2025-02-19,0.8996199661607909,0.08425996090618898,4.53,4.64,316.449,4.2
2025-02-20,0.891379553659684,0.09389671328312249,4.5,4.64,316.449,4.2
2025-02-21,0.8590768284217929,0.15690632781373437,4.42,4.64,316.449,4.2
2025-02-24,0.8498307284072575,0.17593277744044522,4.4,4.64,316.449,4.2
2025-02-25,0.8411663436761807,0.18705214335993509,4.3,4.64,316.449,4.2
2025-02-26,0.8414170100801437,0.17889795739562137,4.25,4.64,316.449,4.2
2025-02-27,0.812177733510336,0.22905853733703085,4.29,4.64,316.449,4.2
2025-02-28,0.8409342619423126,0.19199404711197998,4.24,4.64,316.449,4.2
2025-03-03,0.8085109629911225,0.26982951428853597,4.16,4.64,316.449,4.2
2025-03-04,0.7863640800331442,0.287867554886876,4.22,4.64,316.449,4.2
2025-03-05,0.8063169142557716,0.24882629373501985,4.28,4.64,316.449,4.2
2025-03-06,0.7741009174783231,0.3214727077725018,4.29,4.64,316.449,4.2
2025-03-07,0.7839041043110693,0.28440821754745094,4.32,4.64,316.449,4.2
2025-03-10,0.7357424605921892,0.39535458596551076,4.22,4.64,316.449,4.2
2025-03-11,0.7225941842372383,0.3721274922280967,4.28,4.64,316.449,4.2
2025-03-12,0.7310202923444153,0.3056584932281232,4.32,4.64,316.449,4.2
2025-03-13,0.7069519358124778,0.31628365463342767,4.27,4.64,316.449,4.2
2025-03-14,0.7432866278916914,0.24487275188140933,4.31,4.64,316.449,4.2
2025-03-17,0.7544823051276464,0.21373857443677424,4.31,4.64,316.449,4.2
2025-03-18,0.7357734350423473,0.24314308321169686,4.29,4.64,316.449,4.2
2025-03-19,0.7545348861454759,0.1986656666636739,4.25,4.64,316.449,4.2
2025-03-20,0.7506978316978319,0.19619469122268318,4.24,4.64,316.449,4.2
2025-03-21,0.7521429031188702,0.1833457037634173,4.25,4.64,316.449,4.2
2025-03-24,0.7830901561988637,0.13886828721539435,4.34,4.64,316.449,4.2
2025-03-25,0.7858999165654079,0.13071410125108063,4.31,4.64,316.449,4.2
2025-03-26,0.7659564502252674,0.15987150776891051,4.35,4.64,316.449,4.2
2025-03-27,0.7601110426483426,0.16876700050450238,4.38,4.64,316.449,4.2
2025-03-28,0.7253389738058895,0.24190757192623324,4.27,4.64,316.449,4.2
2025-03-31,0.7349038840147359,0.25747468421351904,4.23,4.64,316.449,4.2
2025-04-01,0.7414701652585127,0.24487275188140933,4.17,4.33,320.321,4.2
2025-04-02,0.753198149752552,0.2384482345868082,4.2,4.33,320.321,4.2
2025-04-03,0.6682716468344565,0.4487274481191891,4.06,4.33,320.321,4.2
2025-04-04,0.5684950859412561,0.8265381744355771,4.01,4.33,320.321,4.2
2025-04-07,0.5648343592171956,0.8678032616413947,4.15,4.33,320.321,4.2
2025-04-08,0.5402398903172054,1.0,4.26,4.33,320.321,4.2
2025-04-09,0.6869557373596291,0.537682186955362,4.34,4.33,320.321,4.2
2025-04-10,0.6285175265526586,0.7131208305765266,4.4,4.33,320.321,4.2
2025-04-11,0.6580104914240057,0.6350383082728144,4.48,4.33,320.321,4.2
2025-04-14,0.6711959371191465,0.47022482605695426,4.38,4.33,320.321,4.2
2025-04-15,0.668305643182191,0.4511984235601798,4.35,4.33,320.321,4.2
2025-04-16,0.6308848811140164,0.5134667313195135,4.29,4.33,320.321,4.2
2025-04-17,0.6330509772967856,0.4395848531265045,4.34,4.33,320.321,4.2
2025-04-21,0.5945254094746764,0.5426241378373434,4.42,4.33,320.321,4.2
2025-04-22,0.6346166224311225,0.4623177423497332,4.41,4.33,320.321,4.2
2025-04-23,0.6618785203218078,0.40993328922442573,4.4,4.33,320.321,4.2
2025-04-24,0.6955799308529396,0.3610081263086068,4.32,4.33,320.321,4.2
2025-04-25,0.7080937598117236,0.32073140100122366,4.29,4.33,320.321,4.2
2025-04-28,0.7091891976831715,0.3283913824513519,4.23,4.33,320.321,4.2
2025-04-29,0.7191161312216716,0.30417592681550343,4.19,4.33,320.321,4.2
2025-04-30,0.7216628354041894,0.3172720636617986,4.17,4.33,320.321,4.2
2025-05-01,0.7325180958781619,0.3148010882208079,4.25,4.33,320.58,4.2
2025-05-02,0.7580563033912642,0.26735853884754535,4.33,4.33,320.58,4.2
2025-05-05,0.7468266298075745,0.29107978996920847,4.36,4.33,320.58,4.2
2025-05-06,0.73337525712571,0.3187546300744184,4.3,4.33,320.58,4.2
2025-05-07,0.7409162514327572,0.2888559167853104,4.26,4.33,320.58,4.2
2025-05-08,0.7510226856872959,0.2624165879655639,4.37,4.33,320.58,4.2
2025-05-09,0.749775699652391,0.2480849869637417,4.37,4.33,320.58,4.2
2025-05-12,0.8067996623936027,0.16135407418153042,4.45,4.33,320.58,4.2
2025-05-13,0.8199075964159086,0.1571534300708271,4.49,4.33,320.58,4.2
2025-05-14,0.8217736181693405,0.16703733183478986,4.53,4.33,320.58,4.2
2025-05-15,0.8293085686812347,0.14751667769389354,4.45,4.33,320.58,4.2
2025-05-16,0.8421348618494193,0.13293797443497862,4.43,4.33,320.58,4.2
2025-05-19,0.8437502171988882,0.1551766591440219,4.46,4.33,320.58,4.2
2025-05-20,0.836589679796711,0.15394119498849473,4.48,4.33,320.58,4.2
2025-05-21,0.8069296039893883,0.2226340671723661,4.58,4.33,320.58,4.2
2025-05-22,0.8061250237596695,0.20805536391345125,4.54,4.33,320.58,4.2
2025-05-23,0.7939979976906659,0.2577217864706117,4.51,4.33,320.58,4.2
2025-05-27,0.8307350554321782,0.1754385729262598,4.43,4.33,320.58,4.2
2025-05-28,0.8205264810395569,0.18408696340475894,4.47,4.33,320.58,4.2
2025-05-29,0.8278355447076147,0.18087472832242663,4.43,4.33,320.58,4.2
2025-05-30,0.8276870184417342,0.16580182054932624,4.41,4.33,320.58,4.2
2025-06-02,0.8351909945034706,0.16061281454018855,4.46,4.33,320.58,4.2
2025-06-03,0.845845147693733,0.1440573403544685,4.46,4.33,320.58,4.2
2025-06-04,0.8459812841795502,0.14208056942766323,4.37,4.33,320.58,4.2
2025-06-05,0.8362306783646336,0.1635779473654283,4.4,4.33,320.58,4.2
2025-06-06,0.8551252440560029,0.1213244511312398,4.51,4.33,320.58,4.2
2025-06-09,0.8568333716610677,0.13096120350817336,4.49,4.33,320.58,4.2
2025-06-10,0.8670233613835938,0.1257721974990358,4.47,4.33,320.58,4.2
2025-06-11,0.8618959566708237,0.13343217894916404,4.41,4.33,320.58,4.2
2025-06-12,0.8690191736379325,0.1522115263187822,4.36,4.33,320.58,4.2
2025-06-13,0.8478874971707484,0.2213985558869026,4.41,4.33,320.58,4.2
2025-06-16,0.8652594797682447,0.179145059652714,4.46,4.33,320.58,4.2
2025-06-17,0.8496667904637374,0.24067210777070613,4.39,4.33,320.58,4.2
2025-06-18,0.8490942919678868,0.20459597944408975,4.38,4.33,320.58,4.2
2025-06-20,0.8450621740316857,0.21645665213485765,4.38,4.33,320.58,4.2
2025-06-23,0.8628025259437462,0.1969359979939614,4.34,4.33,320.58,4.2
2025-06-24,0.8835383338284208,0.13886828721539435,4.3,4.33,320.58,4.2
2025-06-25,0.8835321389383892,0.12107734887414712,4.29,4.33,320.58,4.2
2025-06-26,0.8986514479875523,0.11687670476344386,4.26,4.33,320.58,4.2
2025-06-27,0.9085690136435653,0.11020508521174993,4.29,4.33,320.58,4.2
2025-06-30,0.9184341493766279,0.12033604210286891,4.24,4.33,320.58,4.2
2025-07-01,0.9162864867690748,0.12280701754385964,4.26,4.33,322.132,4.2
2025-07-02,0.9253872335101847,0.11811216891897097,4.3,4.33,322.132,4.2
2025-07-03,0.9414566271573703,0.11168765162436978,4.35,4.33,322.132,4.2
2025-07-07,0.9261794239598402,0.14652831579545916,4.4,4.33,322.132,4.2
2025-07-08,0.9247993233366947,0.12231281302967417,4.42,4.33,322.132,4.2
2025-07-09,0.9364775976156019,0.1008154115269409,4.34,4.33,322.132,4.2
2025-07-10,0.9418000658169292,0.09686186967333038,4.35,4.33,322.132,4.2
2025-07-11,0.9353915276266409,0.11218185613855519,4.43,4.33,322.132,4.2
2025-07-14,0.9381177325251973,0.13194961253654425,4.43,4.33,322.132,4.2
2025-07-15,0.9304434725350306,0.13639731177440367,4.5,4.33,322.132,4.2
2025-07-16,0.936613885196298,0.13096120350817336,4.46,4.33,322.132,4.2
2025-07-17,0.947029610667782,0.11514703609373134,4.47,4.33,322.132,4.2
2025-07-18,0.9468532829441985,0.11242895839564793,4.44,4.33,322.132,4.2
2025-07-21,0.9495794878427548,0.11835927117606371,4.38,4.33,322.132,4.2
2025-07-22,0.9508234519800833,0.11465283157954592,4.35,4.33,322.132,4.2
2025-07-23,0.966075875617487,0.0867309127822114,4.4,4.33,322.132,4.2
2025-07-24,0.9674497813506009,0.08722511729639681,4.43,4.33,322.132,4.2
2025-07-25,0.9752755895042244,0.07585867268478247,4.4,4.33,322.132,4.2
2025-07-28,0.9756252230538147,0.07832962456080494,4.42,4.33,322.132,4.2
2025-07-29,0.9697736205868586,0.10180379699034353,4.34,4.33,322.132,4.2
2025-07-30,0.9673104718723284,0.08944896691532656,4.38,4.33,322.132,4.2
2025-07-31,0.960035555646884,0.12008893984577623,4.37,4.33,322.132,4.2
2025-08-01,0.9286641792420416,0.21052629222450536,4.23,4.33,322.132,4.2
2025-08-04,0.957111265362194,0.13985669624376523,4.22,4.33,322.132,4.2
2025-08-05,0.9475959142736008,0.14801088220807895,4.22,4.33,322.132,4.2
2025-08-06,0.9617900693797463,0.1213244511312398,4.22,4.33,322.132,4.2
2025-08-07,0.9602242731505306,0.11638250024925845,4.23,4.33,322.132,4.2
2025-08-08,0.9755262559081874,0.08129478095101278,4.27,4.33,322.132,4.2
2025-08-11,0.9705751789190007,0.1084754165420374,4.27,4.33,322.132,4.2
2025-08-12,0.9929508195235133,0.07091672180280112,4.29,4.33,322.132,4.2
2025-08-13,0.9993935051564149,0.06498640902238534,4.24,4.33,322.132,4.2
2025-08-14,1.0,0.07338769724379185,4.29,4.33,322.132,4.2
2025-08-15,0.9942009785508732,0.07981221453839299,4.33,4.33,322.132,4.2
2025-08-18,0.9939998712671632,0.07734123909740231,4.34,4.33,322.132,4.2
2025-08-19,0.9823092072081927,0.09167284009922455,4.3,4.33,322.132,4.2
2025-08-20,0.9774848988223364,0.09463799648943239,4.29,4.33,322.132,4.2
2025-08-21,0.9695601235230853,0.1171238070205366,4.29,4.33,322.132,4.2
2025-08-22,0.9968188484213154,0.07585867268478247,4.29,4.33,322.132,4.2
